// Validating benchmarks:
// ***** BenchmarkRunner: Start   *****
// ***** Found 12 benchmark(s) in total *****
// ***** Building 1 exe(s) in Parallel: Start   *****
BuildScript: C:\TOMÍK\8.M\Maturita\diessner_rocnikovaPrace\rpAproximace\rpAproximace\bin\Release\rpAproximace-DefaultJob-1.bat
// ***** Done, took 00:00:02 (2.57 sec)   *****
// Found 12 benchmarks:
//   MujBenchmark.Aproximace: DefaultJob [n=5]
//   MujBenchmark.HeldKarp: DefaultJob [n=5]
//   MujBenchmark.HrubaSila: DefaultJob [n=5]
//   MujBenchmark.Aproximace: DefaultJob [n=7]
//   MujBenchmark.HeldKarp: DefaultJob [n=7]
//   MujBenchmark.HrubaSila: DefaultJob [n=7]
//   MujBenchmark.Aproximace: DefaultJob [n=10]
//   MujBenchmark.HeldKarp: DefaultJob [n=10]
//   MujBenchmark.HrubaSila: DefaultJob [n=10]
//   MujBenchmark.Aproximace: DefaultJob [n=12]
//   MujBenchmark.HeldKarp: DefaultJob [n=12]
//   MujBenchmark.HrubaSila: DefaultJob [n=12]

Setup power plan (GUID: 8c5e7fda-e8bf-4a96-9a85-a6e23a8c635c FriendlyName: Vysoký výkon)
// **************************
// Benchmark: MujBenchmark.Aproximace: DefaultJob [n=5]
// *** Execute ***
// Launch: 1 / 1
// Execute: C:\TOMÍK\8.M\Maturita\diessner_rocnikovaPrace\rpAproximace\rpAproximace\bin\Release\rpAproximace-DefaultJob-1.exe --anonymousPipes 1804 1800 --benchmarkName "rpAproximace.MujBenchmark.Aproximace(n: 5)" --job Default --benchmarkId 0 in 
// BeforeAnythingElse

// Benchmark Process Environment Information:
// BenchmarkDotNet v0.15.8
// Runtime=.NET Framework 4.8.1 (4.8.9221.0), X86 LegacyJIT
// GC=Concurrent Workstation
// HardwareIntrinsics= 
// Job: DefaultJob

OverheadJitting  1: 1 op, 148500.00 ns, 148.5000 us/op
WorkloadJitting  1: 1 op, 1216100.00 ns, 1.2161 ms/op

OverheadJitting  2: 16 op, 310600.00 ns, 19.4125 us/op
WorkloadJitting  2: 16 op, 377300.00 ns, 23.5813 us/op

WorkloadPilot    1: 16 op, 26800.00 ns, 1.6750 us/op
WorkloadPilot    2: 32 op, 34300.00 ns, 1.0719 us/op
WorkloadPilot    3: 64 op, 50200.00 ns, 784.3750 ns/op
WorkloadPilot    4: 128 op, 89700.00 ns, 700.7813 ns/op
WorkloadPilot    5: 256 op, 186700.00 ns, 729.2969 ns/op
WorkloadPilot    6: 512 op, 361800.00 ns, 706.6406 ns/op
WorkloadPilot    7: 1024 op, 726100.00 ns, 709.0820 ns/op
WorkloadPilot    8: 2048 op, 1375200.00 ns, 671.4844 ns/op
WorkloadPilot    9: 4096 op, 2891600.00 ns, 705.9570 ns/op
WorkloadPilot   10: 8192 op, 5685400.00 ns, 694.0186 ns/op
WorkloadPilot   11: 16384 op, 8902600.00 ns, 543.3716 ns/op
WorkloadPilot   12: 32768 op, 17537800.00 ns, 535.2112 ns/op
WorkloadPilot   13: 65536 op, 34040600.00 ns, 519.4183 ns/op
WorkloadPilot   14: 131072 op, 68005800.00 ns, 518.8431 ns/op
WorkloadPilot   15: 262144 op, 135371400.00 ns, 516.4009 ns/op
WorkloadPilot   16: 524288 op, 276212700.00 ns, 526.8339 ns/op
WorkloadPilot   17: 1048576 op, 555246600.00 ns, 529.5244 ns/op

OverheadWarmup   1: 1048576 op, 2717300.00 ns, 2.5914 ns/op
OverheadWarmup   2: 1048576 op, 2459700.00 ns, 2.3458 ns/op
OverheadWarmup   3: 1048576 op, 2455300.00 ns, 2.3416 ns/op
OverheadWarmup   4: 1048576 op, 2463000.00 ns, 2.3489 ns/op
OverheadWarmup   5: 1048576 op, 2534600.00 ns, 2.4172 ns/op
OverheadWarmup   6: 1048576 op, 2539700.00 ns, 2.4220 ns/op
OverheadWarmup   7: 1048576 op, 2615100.00 ns, 2.4940 ns/op
OverheadWarmup   8: 1048576 op, 2770000.00 ns, 2.6417 ns/op
OverheadWarmup   9: 1048576 op, 2772900.00 ns, 2.6444 ns/op
OverheadWarmup  10: 1048576 op, 2685600.00 ns, 2.5612 ns/op

OverheadActual   1: 1048576 op, 2485600.00 ns, 2.3705 ns/op
OverheadActual   2: 1048576 op, 2728600.00 ns, 2.6022 ns/op
OverheadActual   3: 1048576 op, 2725000.00 ns, 2.5988 ns/op
OverheadActual   4: 1048576 op, 2455000.00 ns, 2.3413 ns/op
OverheadActual   5: 1048576 op, 2767400.00 ns, 2.6392 ns/op
OverheadActual   6: 1048576 op, 2580000.00 ns, 2.4605 ns/op
OverheadActual   7: 1048576 op, 2678100.00 ns, 2.5540 ns/op
OverheadActual   8: 1048576 op, 2502900.00 ns, 2.3870 ns/op
OverheadActual   9: 1048576 op, 2696000.00 ns, 2.5711 ns/op
OverheadActual  10: 1048576 op, 2726900.00 ns, 2.6006 ns/op
OverheadActual  11: 1048576 op, 2744300.00 ns, 2.6172 ns/op
OverheadActual  12: 1048576 op, 2610300.00 ns, 2.4894 ns/op
OverheadActual  13: 1048576 op, 2724600.00 ns, 2.5984 ns/op
OverheadActual  14: 1048576 op, 2774700.00 ns, 2.6462 ns/op
OverheadActual  15: 1048576 op, 2773000.00 ns, 2.6445 ns/op

WorkloadWarmup   1: 1048576 op, 547467900.00 ns, 522.1061 ns/op
WorkloadWarmup   2: 1048576 op, 542466500.00 ns, 517.3364 ns/op
WorkloadWarmup   3: 1048576 op, 541696300.00 ns, 516.6018 ns/op
WorkloadWarmup   4: 1048576 op, 542602300.00 ns, 517.4659 ns/op
WorkloadWarmup   5: 1048576 op, 543048000.00 ns, 517.8909 ns/op
WorkloadWarmup   6: 1048576 op, 561591200.00 ns, 535.5751 ns/op
WorkloadWarmup   7: 1048576 op, 545713400.00 ns, 520.4329 ns/op
WorkloadWarmup   8: 1048576 op, 569370900.00 ns, 542.9944 ns/op
WorkloadWarmup   9: 1048576 op, 587254200.00 ns, 560.0492 ns/op
WorkloadWarmup  10: 1048576 op, 567974300.00 ns, 541.6625 ns/op

// BeforeActualRun
WorkloadActual   1: 1048576 op, 714768900.00 ns, 681.6567 ns/op
WorkloadActual   2: 1048576 op, 992653800.00 ns, 946.6684 ns/op
WorkloadActual   3: 1048576 op, 1070366600.00 ns, 1.0208 us/op
WorkloadActual   4: 1048576 op, 1177813400.00 ns, 1.1233 us/op
WorkloadActual   5: 1048576 op, 1082142200.00 ns, 1.0320 us/op
WorkloadActual   6: 1048576 op, 1017208800.00 ns, 970.0859 ns/op
WorkloadActual   7: 1048576 op, 983287900.00 ns, 937.7364 ns/op
WorkloadActual   8: 1048576 op, 979640600.00 ns, 934.2581 ns/op
WorkloadActual   9: 1048576 op, 970768000.00 ns, 925.7965 ns/op
WorkloadActual  10: 1048576 op, 985862800.00 ns, 940.1920 ns/op
WorkloadActual  11: 1048576 op, 942061200.00 ns, 898.4196 ns/op
WorkloadActual  12: 1048576 op, 1004025700.00 ns, 957.5135 ns/op
WorkloadActual  13: 1048576 op, 960240000.00 ns, 915.7562 ns/op
WorkloadActual  14: 1048576 op, 994081000.00 ns, 948.0295 ns/op
WorkloadActual  15: 1048576 op, 985384500.00 ns, 939.7359 ns/op
WorkloadActual  16: 1048576 op, 1187280600.00 ns, 1.1323 us/op
WorkloadActual  17: 1048576 op, 1097861100.00 ns, 1.0470 us/op
WorkloadActual  18: 1048576 op, 1016730600.00 ns, 969.6299 ns/op
WorkloadActual  19: 1048576 op, 1017372400.00 ns, 970.2419 ns/op
WorkloadActual  20: 1048576 op, 1019279500.00 ns, 972.0607 ns/op
WorkloadActual  21: 1048576 op, 1015189100.00 ns, 968.1598 ns/op
WorkloadActual  22: 1048576 op, 1103672000.00 ns, 1.0525 us/op
WorkloadActual  23: 1048576 op, 988617300.00 ns, 942.8189 ns/op
WorkloadActual  24: 1048576 op, 981683200.00 ns, 936.2061 ns/op
WorkloadActual  25: 1048576 op, 986272500.00 ns, 940.5828 ns/op
WorkloadActual  26: 1048576 op, 1016093900.00 ns, 969.0227 ns/op
WorkloadActual  27: 1048576 op, 1105989100.00 ns, 1.0548 us/op
WorkloadActual  28: 1048576 op, 1079046100.00 ns, 1.0291 us/op
WorkloadActual  29: 1048576 op, 1003351900.00 ns, 956.8709 ns/op
WorkloadActual  30: 1048576 op, 997221400.00 ns, 951.0244 ns/op
WorkloadActual  31: 1048576 op, 963684400.00 ns, 919.0411 ns/op
WorkloadActual  32: 1048576 op, 966801700.00 ns, 922.0140 ns/op
WorkloadActual  33: 1048576 op, 960967600.00 ns, 916.4501 ns/op
WorkloadActual  34: 1048576 op, 967016100.00 ns, 922.2184 ns/op
WorkloadActual  35: 1048576 op, 980399500.00 ns, 934.9818 ns/op
WorkloadActual  36: 1048576 op, 1027013200.00 ns, 979.4361 ns/op
WorkloadActual  37: 1048576 op, 1006752500.00 ns, 960.1140 ns/op
WorkloadActual  38: 1048576 op, 1008310100.00 ns, 961.5994 ns/op
WorkloadActual  39: 1048576 op, 1015921100.00 ns, 968.8579 ns/op
WorkloadActual  40: 1048576 op, 994879600.00 ns, 948.7911 ns/op
WorkloadActual  41: 1048576 op, 1006031500.00 ns, 959.4264 ns/op
WorkloadActual  42: 1048576 op, 942870200.00 ns, 899.1911 ns/op
WorkloadActual  43: 1048576 op, 949242700.00 ns, 905.2684 ns/op
WorkloadActual  44: 1048576 op, 949564800.00 ns, 905.5756 ns/op
WorkloadActual  45: 1048576 op, 932601300.00 ns, 889.3979 ns/op
WorkloadActual  46: 1048576 op, 972471400.00 ns, 927.4210 ns/op
WorkloadActual  47: 1048576 op, 1000545100.00 ns, 954.1942 ns/op
WorkloadActual  48: 1048576 op, 977315800.00 ns, 932.0410 ns/op
WorkloadActual  49: 1048576 op, 999399000.00 ns, 953.1012 ns/op
WorkloadActual  50: 1048576 op, 1009847300.00 ns, 963.0654 ns/op
WorkloadActual  51: 1048576 op, 974454000.00 ns, 929.3118 ns/op
WorkloadActual  52: 1048576 op, 943492800.00 ns, 899.7849 ns/op
WorkloadActual  53: 1048576 op, 961351500.00 ns, 916.8162 ns/op
WorkloadActual  54: 1048576 op, 922365000.00 ns, 879.6358 ns/op
WorkloadActual  55: 1048576 op, 956828200.00 ns, 912.5025 ns/op
WorkloadActual  56: 1048576 op, 958592300.00 ns, 914.1849 ns/op
WorkloadActual  57: 1048576 op, 1006496700.00 ns, 959.8701 ns/op
WorkloadActual  58: 1048576 op, 987423200.00 ns, 941.6801 ns/op
WorkloadActual  59: 1048576 op, 1109377300.00 ns, 1.0580 us/op
WorkloadActual  60: 1048576 op, 988808600.00 ns, 943.0014 ns/op
WorkloadActual  61: 1048576 op, 977317200.00 ns, 932.0423 ns/op
WorkloadActual  62: 1048576 op, 964956200.00 ns, 920.2539 ns/op
WorkloadActual  63: 1048576 op, 944714500.00 ns, 900.9500 ns/op
WorkloadActual  64: 1048576 op, 965843600.00 ns, 921.1002 ns/op
WorkloadActual  65: 1048576 op, 895582600.00 ns, 854.0941 ns/op
WorkloadActual  66: 1048576 op, 930297200.00 ns, 887.2005 ns/op
WorkloadActual  67: 1048576 op, 1010000200.00 ns, 963.2113 ns/op
WorkloadActual  68: 1048576 op, 1002606500.00 ns, 956.1601 ns/op
WorkloadActual  69: 1048576 op, 1001054500.00 ns, 954.6800 ns/op
WorkloadActual  70: 1048576 op, 976013800.00 ns, 930.7993 ns/op
WorkloadActual  71: 1048576 op, 989311600.00 ns, 943.4811 ns/op

// AfterActualRun
WorkloadResult   1: 1048576 op, 712044300.00 ns, 679.0584 ns/op
WorkloadResult   2: 1048576 op, 989929200.00 ns, 944.0701 ns/op
WorkloadResult   3: 1048576 op, 1067642000.00 ns, 1.0182 us/op
WorkloadResult   4: 1048576 op, 1014484200.00 ns, 967.4875 ns/op
WorkloadResult   5: 1048576 op, 980563300.00 ns, 935.1380 ns/op
WorkloadResult   6: 1048576 op, 976916000.00 ns, 931.6597 ns/op
WorkloadResult   7: 1048576 op, 968043400.00 ns, 923.1981 ns/op
WorkloadResult   8: 1048576 op, 983138200.00 ns, 937.5937 ns/op
WorkloadResult   9: 1048576 op, 939336600.00 ns, 895.8212 ns/op
WorkloadResult  10: 1048576 op, 1001301100.00 ns, 954.9151 ns/op
WorkloadResult  11: 1048576 op, 957515400.00 ns, 913.1578 ns/op
WorkloadResult  12: 1048576 op, 991356400.00 ns, 945.4311 ns/op
WorkloadResult  13: 1048576 op, 982659900.00 ns, 937.1375 ns/op
WorkloadResult  14: 1048576 op, 1014006000.00 ns, 967.0315 ns/op
WorkloadResult  15: 1048576 op, 1014647800.00 ns, 967.6435 ns/op
WorkloadResult  16: 1048576 op, 1016554900.00 ns, 969.4623 ns/op
WorkloadResult  17: 1048576 op, 1012464500.00 ns, 965.5614 ns/op
WorkloadResult  18: 1048576 op, 985892700.00 ns, 940.2205 ns/op
WorkloadResult  19: 1048576 op, 978958600.00 ns, 933.6077 ns/op
WorkloadResult  20: 1048576 op, 983547900.00 ns, 937.9844 ns/op
WorkloadResult  21: 1048576 op, 1013369300.00 ns, 966.4243 ns/op
WorkloadResult  22: 1048576 op, 1000627300.00 ns, 954.2726 ns/op
WorkloadResult  23: 1048576 op, 994496800.00 ns, 948.4261 ns/op
WorkloadResult  24: 1048576 op, 960959800.00 ns, 916.4427 ns/op
WorkloadResult  25: 1048576 op, 964077100.00 ns, 919.4156 ns/op
WorkloadResult  26: 1048576 op, 958243000.00 ns, 913.8517 ns/op
WorkloadResult  27: 1048576 op, 964291500.00 ns, 919.6200 ns/op
WorkloadResult  28: 1048576 op, 977674900.00 ns, 932.3834 ns/op
WorkloadResult  29: 1048576 op, 1024288600.00 ns, 976.8377 ns/op
WorkloadResult  30: 1048576 op, 1004027900.00 ns, 957.5156 ns/op
WorkloadResult  31: 1048576 op, 1005585500.00 ns, 959.0011 ns/op
WorkloadResult  32: 1048576 op, 1013196500.00 ns, 966.2595 ns/op
WorkloadResult  33: 1048576 op, 992155000.00 ns, 946.1927 ns/op
WorkloadResult  34: 1048576 op, 1003306900.00 ns, 956.8280 ns/op
WorkloadResult  35: 1048576 op, 940145600.00 ns, 896.5927 ns/op
WorkloadResult  36: 1048576 op, 946518100.00 ns, 902.6700 ns/op
WorkloadResult  37: 1048576 op, 946840200.00 ns, 902.9772 ns/op
WorkloadResult  38: 1048576 op, 929876700.00 ns, 886.7995 ns/op
WorkloadResult  39: 1048576 op, 969746800.00 ns, 924.8226 ns/op
WorkloadResult  40: 1048576 op, 997820500.00 ns, 951.5958 ns/op
WorkloadResult  41: 1048576 op, 974591200.00 ns, 929.4426 ns/op
WorkloadResult  42: 1048576 op, 996674400.00 ns, 950.5028 ns/op
WorkloadResult  43: 1048576 op, 1007122700.00 ns, 960.4671 ns/op
WorkloadResult  44: 1048576 op, 971729400.00 ns, 926.7134 ns/op
WorkloadResult  45: 1048576 op, 940768200.00 ns, 897.1865 ns/op
WorkloadResult  46: 1048576 op, 958626900.00 ns, 914.2179 ns/op
WorkloadResult  47: 1048576 op, 919640400.00 ns, 877.0374 ns/op
WorkloadResult  48: 1048576 op, 954103600.00 ns, 909.9041 ns/op
WorkloadResult  49: 1048576 op, 955867700.00 ns, 911.5865 ns/op
WorkloadResult  50: 1048576 op, 1003772100.00 ns, 957.2717 ns/op
WorkloadResult  51: 1048576 op, 984698600.00 ns, 939.0818 ns/op
WorkloadResult  52: 1048576 op, 986084000.00 ns, 940.4030 ns/op
WorkloadResult  53: 1048576 op, 974592600.00 ns, 929.4439 ns/op
WorkloadResult  54: 1048576 op, 962231600.00 ns, 917.6556 ns/op
WorkloadResult  55: 1048576 op, 941989900.00 ns, 898.3516 ns/op
WorkloadResult  56: 1048576 op, 963119000.00 ns, 918.5019 ns/op
WorkloadResult  57: 1048576 op, 892858000.00 ns, 851.4957 ns/op
WorkloadResult  58: 1048576 op, 927572600.00 ns, 884.6022 ns/op
WorkloadResult  59: 1048576 op, 1007275600.00 ns, 960.6129 ns/op
WorkloadResult  60: 1048576 op, 999881900.00 ns, 953.5617 ns/op
WorkloadResult  61: 1048576 op, 998329900.00 ns, 952.0816 ns/op
WorkloadResult  62: 1048576 op, 973289200.00 ns, 928.2009 ns/op
WorkloadResult  63: 1048576 op, 986587000.00 ns, 940.8827 ns/op
// GC:  149 0 0 781285192 1048576
// Threading:  0 0 1048576

// AfterAll
// Benchmark Process 36384 has exited with code 0.

Mean = 930.357 ns, StdErr = 5.388 ns (0.58%), N = 63, StdDev = 42.763 ns
Min = 679.058 ns, Q1 = 915.330 ns, Median = 937.138 ns, Q3 = 954.594 ns, Max = 1,018.183 ns
IQR = 39.264 ns, LowerFence = 856.435 ns, UpperFence = 1,013.489 ns
ConfidenceInterval = [911.746 ns; 948.968 ns] (CI 99.9%), Margin = 18.611 ns (2.00% of Mean)
Skewness = -3.16, Kurtosis = 19.62, MValue = 2

// ** Remained 11 (91,7 %) benchmark(s) to run. Estimated finish 2026-01-04 15:57 (0h 14m from now) **
Setup power plan (GUID: 8c5e7fda-e8bf-4a96-9a85-a6e23a8c635c FriendlyName: Vysoký výkon)
// **************************
// Benchmark: MujBenchmark.HeldKarp: DefaultJob [n=5]
// *** Execute ***
// Launch: 1 / 1
// Execute: C:\TOMÍK\8.M\Maturita\diessner_rocnikovaPrace\rpAproximace\rpAproximace\bin\Release\rpAproximace-DefaultJob-1.exe --anonymousPipes 1772 1836 --benchmarkName "rpAproximace.MujBenchmark.HeldKarp(n: 5)" --job Default --benchmarkId 1 in 
// BeforeAnythingElse

// Benchmark Process Environment Information:
// BenchmarkDotNet v0.15.8
// Runtime=.NET Framework 4.8.1 (4.8.9221.0), X86 LegacyJIT
// GC=Concurrent Workstation
// HardwareIntrinsics= 
// Job: DefaultJob

OverheadJitting  1: 1 op, 235200.00 ns, 235.2000 us/op
WorkloadJitting  1: 1 op, 1189700.00 ns, 1.1897 ms/op

OverheadJitting  2: 16 op, 525400.00 ns, 32.8375 us/op
WorkloadJitting  2: 16 op, 535200.00 ns, 33.4500 us/op

WorkloadPilot    1: 16 op, 43900.00 ns, 2.7438 us/op
WorkloadPilot    2: 32 op, 70300.00 ns, 2.1969 us/op
WorkloadPilot    3: 64 op, 133400.00 ns, 2.0844 us/op
WorkloadPilot    4: 128 op, 249700.00 ns, 1.9508 us/op
WorkloadPilot    5: 256 op, 494300.00 ns, 1.9309 us/op
WorkloadPilot    6: 512 op, 964900.00 ns, 1.8846 us/op
WorkloadPilot    7: 1024 op, 2009200.00 ns, 1.9621 us/op
WorkloadPilot    8: 2048 op, 4335900.00 ns, 2.1171 us/op
WorkloadPilot    9: 4096 op, 7845300.00 ns, 1.9154 us/op
WorkloadPilot   10: 8192 op, 14080100.00 ns, 1.7188 us/op
WorkloadPilot   11: 16384 op, 28781200.00 ns, 1.7567 us/op
WorkloadPilot   12: 32768 op, 55895100.00 ns, 1.7058 us/op
WorkloadPilot   13: 65536 op, 110564500.00 ns, 1.6871 us/op
WorkloadPilot   14: 131072 op, 208809000.00 ns, 1.5931 us/op
WorkloadPilot   15: 262144 op, 433279100.00 ns, 1.6528 us/op
WorkloadPilot   16: 524288 op, 873651800.00 ns, 1.6664 us/op

OverheadWarmup   1: 524288 op, 2144100.00 ns, 4.0895 ns/op
OverheadWarmup   2: 524288 op, 2163400.00 ns, 4.1264 ns/op
OverheadWarmup   3: 524288 op, 2126400.00 ns, 4.0558 ns/op
OverheadWarmup   4: 524288 op, 2155900.00 ns, 4.1121 ns/op
OverheadWarmup   5: 524288 op, 2128300.00 ns, 4.0594 ns/op

OverheadActual   1: 524288 op, 2142500.00 ns, 4.0865 ns/op
OverheadActual   2: 524288 op, 2173800.00 ns, 4.1462 ns/op
OverheadActual   3: 524288 op, 2142200.00 ns, 4.0859 ns/op
OverheadActual   4: 524288 op, 2164000.00 ns, 4.1275 ns/op
OverheadActual   5: 524288 op, 2149400.00 ns, 4.0997 ns/op
OverheadActual   6: 524288 op, 2138000.00 ns, 4.0779 ns/op
OverheadActual   7: 524288 op, 2159800.00 ns, 4.1195 ns/op
OverheadActual   8: 524288 op, 2140400.00 ns, 4.0825 ns/op
OverheadActual   9: 524288 op, 2153100.00 ns, 4.1067 ns/op
OverheadActual  10: 524288 op, 2154100.00 ns, 4.1086 ns/op
OverheadActual  11: 524288 op, 2130300.00 ns, 4.0632 ns/op
OverheadActual  12: 524288 op, 2161000.00 ns, 4.1218 ns/op
OverheadActual  13: 524288 op, 2137900.00 ns, 4.0777 ns/op
OverheadActual  14: 524288 op, 2124500.00 ns, 4.0522 ns/op
OverheadActual  15: 524288 op, 2209300.00 ns, 4.2139 ns/op

WorkloadWarmup   1: 524288 op, 864412300.00 ns, 1.6487 us/op
WorkloadWarmup   2: 524288 op, 832411800.00 ns, 1.5877 us/op
WorkloadWarmup   3: 524288 op, 896418100.00 ns, 1.7098 us/op
WorkloadWarmup   4: 524288 op, 887292900.00 ns, 1.6924 us/op
WorkloadWarmup   5: 524288 op, 885470400.00 ns, 1.6889 us/op
WorkloadWarmup   6: 524288 op, 900911200.00 ns, 1.7184 us/op
WorkloadWarmup   7: 524288 op, 881421400.00 ns, 1.6812 us/op

// BeforeActualRun
WorkloadActual   1: 524288 op, 885226100.00 ns, 1.6884 us/op
WorkloadActual   2: 524288 op, 830396300.00 ns, 1.5839 us/op
WorkloadActual   3: 524288 op, 879206100.00 ns, 1.6770 us/op
WorkloadActual   4: 524288 op, 882824900.00 ns, 1.6839 us/op
WorkloadActual   5: 524288 op, 828009700.00 ns, 1.5793 us/op
WorkloadActual   6: 524288 op, 864120700.00 ns, 1.6482 us/op
WorkloadActual   7: 524288 op, 841241500.00 ns, 1.6045 us/op
WorkloadActual   8: 524288 op, 842922200.00 ns, 1.6077 us/op
WorkloadActual   9: 524288 op, 913984000.00 ns, 1.7433 us/op
WorkloadActual  10: 524288 op, 924895000.00 ns, 1.7641 us/op
WorkloadActual  11: 524288 op, 988014200.00 ns, 1.8845 us/op
WorkloadActual  12: 524288 op, 937488300.00 ns, 1.7881 us/op
WorkloadActual  13: 524288 op, 901212100.00 ns, 1.7189 us/op
WorkloadActual  14: 524288 op, 858294400.00 ns, 1.6371 us/op
WorkloadActual  15: 524288 op, 878914100.00 ns, 1.6764 us/op
WorkloadActual  16: 524288 op, 876219000.00 ns, 1.6713 us/op
WorkloadActual  17: 524288 op, 880620300.00 ns, 1.6796 us/op
WorkloadActual  18: 524288 op, 750284200.00 ns, 1.4311 us/op
WorkloadActual  19: 524288 op, 863309000.00 ns, 1.6466 us/op
WorkloadActual  20: 524288 op, 882537000.00 ns, 1.6833 us/op
WorkloadActual  21: 524288 op, 875497800.00 ns, 1.6699 us/op
WorkloadActual  22: 524288 op, 871139600.00 ns, 1.6616 us/op
WorkloadActual  23: 524288 op, 895687700.00 ns, 1.7084 us/op
WorkloadActual  24: 524288 op, 899523600.00 ns, 1.7157 us/op
WorkloadActual  25: 524288 op, 871484100.00 ns, 1.6622 us/op
WorkloadActual  26: 524288 op, 877808400.00 ns, 1.6743 us/op
WorkloadActual  27: 524288 op, 884874600.00 ns, 1.6878 us/op
WorkloadActual  28: 524288 op, 880577800.00 ns, 1.6796 us/op
WorkloadActual  29: 524288 op, 882048700.00 ns, 1.6824 us/op
WorkloadActual  30: 524288 op, 880608200.00 ns, 1.6796 us/op
WorkloadActual  31: 524288 op, 884673800.00 ns, 1.6874 us/op
WorkloadActual  32: 524288 op, 875894100.00 ns, 1.6706 us/op
WorkloadActual  33: 524288 op, 892153600.00 ns, 1.7016 us/op
WorkloadActual  34: 524288 op, 893108800.00 ns, 1.7035 us/op
WorkloadActual  35: 524288 op, 877034000.00 ns, 1.6728 us/op
WorkloadActual  36: 524288 op, 914579800.00 ns, 1.7444 us/op
WorkloadActual  37: 524288 op, 881950100.00 ns, 1.6822 us/op
WorkloadActual  38: 524288 op, 878930500.00 ns, 1.6764 us/op
WorkloadActual  39: 524288 op, 883173800.00 ns, 1.6845 us/op

// AfterActualRun
WorkloadResult   1: 524288 op, 883076700.00 ns, 1.6843 us/op
WorkloadResult   2: 524288 op, 828246900.00 ns, 1.5798 us/op
WorkloadResult   3: 524288 op, 877056700.00 ns, 1.6729 us/op
WorkloadResult   4: 524288 op, 880675500.00 ns, 1.6798 us/op
WorkloadResult   5: 524288 op, 825860300.00 ns, 1.5752 us/op
WorkloadResult   6: 524288 op, 861971300.00 ns, 1.6441 us/op
WorkloadResult   7: 524288 op, 839092100.00 ns, 1.6004 us/op
WorkloadResult   8: 524288 op, 840772800.00 ns, 1.6036 us/op
WorkloadResult   9: 524288 op, 899062700.00 ns, 1.7148 us/op
WorkloadResult  10: 524288 op, 856145000.00 ns, 1.6330 us/op
WorkloadResult  11: 524288 op, 876764700.00 ns, 1.6723 us/op
WorkloadResult  12: 524288 op, 874069600.00 ns, 1.6672 us/op
WorkloadResult  13: 524288 op, 878470900.00 ns, 1.6756 us/op
WorkloadResult  14: 524288 op, 748134800.00 ns, 1.4270 us/op
WorkloadResult  15: 524288 op, 861159600.00 ns, 1.6425 us/op
WorkloadResult  16: 524288 op, 880387600.00 ns, 1.6792 us/op
WorkloadResult  17: 524288 op, 873348400.00 ns, 1.6658 us/op
WorkloadResult  18: 524288 op, 868990200.00 ns, 1.6575 us/op
WorkloadResult  19: 524288 op, 893538300.00 ns, 1.7043 us/op
WorkloadResult  20: 524288 op, 897374200.00 ns, 1.7116 us/op
WorkloadResult  21: 524288 op, 869334700.00 ns, 1.6581 us/op
WorkloadResult  22: 524288 op, 875659000.00 ns, 1.6702 us/op
WorkloadResult  23: 524288 op, 882725200.00 ns, 1.6837 us/op
WorkloadResult  24: 524288 op, 878428400.00 ns, 1.6755 us/op
WorkloadResult  25: 524288 op, 879899300.00 ns, 1.6783 us/op
WorkloadResult  26: 524288 op, 878458800.00 ns, 1.6755 us/op
WorkloadResult  27: 524288 op, 882524400.00 ns, 1.6833 us/op
WorkloadResult  28: 524288 op, 873744700.00 ns, 1.6665 us/op
WorkloadResult  29: 524288 op, 890004200.00 ns, 1.6975 us/op
WorkloadResult  30: 524288 op, 890959400.00 ns, 1.6994 us/op
WorkloadResult  31: 524288 op, 874884600.00 ns, 1.6687 us/op
WorkloadResult  32: 524288 op, 879800700.00 ns, 1.6781 us/op
WorkloadResult  33: 524288 op, 876781100.00 ns, 1.6723 us/op
WorkloadResult  34: 524288 op, 881024400.00 ns, 1.6804 us/op
// GC:  166 0 0 873707760 524288
// Threading:  0 0 524288

// AfterAll
// Benchmark Process 45516 has exited with code 0.

Mean = 1.658 μs, StdErr = 0.009 μs (0.54%), N = 34, StdDev = 0.053 μs
Min = 1.427 μs, Q1 = 1.658 μs, Median = 1.673 μs, Q3 = 1.680 μs, Max = 1.715 μs
IQR = 0.023 μs, LowerFence = 1.624 μs, UpperFence = 1.714 μs
ConfidenceInterval = [1.626 μs; 1.691 μs] (CI 99.9%), Margin = 0.033 μs (1.97% of Mean)
Skewness = -2.64, Kurtosis = 11.47, MValue = 2

// ** Remained 10 (83,3 %) benchmark(s) to run. Estimated finish 2026-01-04 15:53 (0h 10m from now) **
Setup power plan (GUID: 8c5e7fda-e8bf-4a96-9a85-a6e23a8c635c FriendlyName: Vysoký výkon)
// **************************
// Benchmark: MujBenchmark.HrubaSila: DefaultJob [n=5]
// *** Execute ***
// Launch: 1 / 1
// Execute: C:\TOMÍK\8.M\Maturita\diessner_rocnikovaPrace\rpAproximace\rpAproximace\bin\Release\rpAproximace-DefaultJob-1.exe --anonymousPipes 1932 1784 --benchmarkName "rpAproximace.MujBenchmark.HrubaSila(n: 5)" --job Default --benchmarkId 2 in 
// BeforeAnythingElse

// Benchmark Process Environment Information:
// BenchmarkDotNet v0.15.8
// Runtime=.NET Framework 4.8.1 (4.8.9221.0), X86 LegacyJIT
// GC=Concurrent Workstation
// HardwareIntrinsics= 
// Job: DefaultJob

OverheadJitting  1: 1 op, 229500.00 ns, 229.5000 us/op
WorkloadJitting  1: 1 op, 1051300.00 ns, 1.0513 ms/op

OverheadJitting  2: 16 op, 510700.00 ns, 31.9188 us/op
WorkloadJitting  2: 16 op, 506300.00 ns, 31.6438 us/op

WorkloadPilot    1: 16 op, 28800.00 ns, 1.8000 us/op
WorkloadPilot    2: 32 op, 46800.00 ns, 1.4625 us/op
WorkloadPilot    3: 64 op, 79500.00 ns, 1.2422 us/op
WorkloadPilot    4: 128 op, 147600.00 ns, 1.1531 us/op
WorkloadPilot    5: 256 op, 291900.00 ns, 1.1402 us/op
WorkloadPilot    6: 512 op, 595200.00 ns, 1.1625 us/op
WorkloadPilot    7: 1024 op, 1152700.00 ns, 1.1257 us/op
WorkloadPilot    8: 2048 op, 2364100.00 ns, 1.1543 us/op
WorkloadPilot    9: 4096 op, 4621500.00 ns, 1.1283 us/op
WorkloadPilot   10: 8192 op, 9442100.00 ns, 1.1526 us/op
WorkloadPilot   11: 16384 op, 18518200.00 ns, 1.1303 us/op
WorkloadPilot   12: 32768 op, 34606100.00 ns, 1.0561 us/op
WorkloadPilot   13: 65536 op, 69145900.00 ns, 1.0551 us/op
WorkloadPilot   14: 131072 op, 138334500.00 ns, 1.0554 us/op
WorkloadPilot   15: 262144 op, 278774600.00 ns, 1.0634 us/op
WorkloadPilot   16: 524288 op, 540496900.00 ns, 1.0309 us/op

OverheadWarmup   1: 524288 op, 1286800.00 ns, 2.4544 ns/op
OverheadWarmup   2: 524288 op, 1329400.00 ns, 2.5356 ns/op
OverheadWarmup   3: 524288 op, 1304500.00 ns, 2.4881 ns/op
OverheadWarmup   4: 524288 op, 1342400.00 ns, 2.5604 ns/op
OverheadWarmup   5: 524288 op, 1362200.00 ns, 2.5982 ns/op
OverheadWarmup   6: 524288 op, 1362400.00 ns, 2.5986 ns/op
OverheadWarmup   7: 524288 op, 2127000.00 ns, 4.0569 ns/op
OverheadWarmup   8: 524288 op, 2141000.00 ns, 4.0836 ns/op
OverheadWarmup   9: 524288 op, 2123600.00 ns, 4.0504 ns/op

OverheadActual   1: 524288 op, 2163400.00 ns, 4.1264 ns/op
OverheadActual   2: 524288 op, 2137400.00 ns, 4.0768 ns/op
OverheadActual   3: 524288 op, 2183500.00 ns, 4.1647 ns/op
OverheadActual   4: 524288 op, 2694800.00 ns, 5.1399 ns/op
OverheadActual   5: 524288 op, 2151700.00 ns, 4.1040 ns/op
OverheadActual   6: 524288 op, 2150000.00 ns, 4.1008 ns/op
OverheadActual   7: 524288 op, 2132500.00 ns, 4.0674 ns/op
OverheadActual   8: 524288 op, 2131300.00 ns, 4.0651 ns/op
OverheadActual   9: 524288 op, 2166400.00 ns, 4.1321 ns/op
OverheadActual  10: 524288 op, 2128300.00 ns, 4.0594 ns/op
OverheadActual  11: 524288 op, 2129000.00 ns, 4.0607 ns/op
OverheadActual  12: 524288 op, 2144800.00 ns, 4.0909 ns/op
OverheadActual  13: 524288 op, 2130000.00 ns, 4.0627 ns/op
OverheadActual  14: 524288 op, 2142000.00 ns, 4.0855 ns/op
OverheadActual  15: 524288 op, 2163000.00 ns, 4.1256 ns/op

WorkloadWarmup   1: 524288 op, 556606500.00 ns, 1.0616 us/op
WorkloadWarmup   2: 524288 op, 579203500.00 ns, 1.1047 us/op
WorkloadWarmup   3: 524288 op, 551068300.00 ns, 1.0511 us/op
WorkloadWarmup   4: 524288 op, 550823900.00 ns, 1.0506 us/op
WorkloadWarmup   5: 524288 op, 626566900.00 ns, 1.1951 us/op
WorkloadWarmup   6: 524288 op, 562791300.00 ns, 1.0734 us/op

// BeforeActualRun
WorkloadActual   1: 524288 op, 576539100.00 ns, 1.0997 us/op
WorkloadActual   2: 524288 op, 560222700.00 ns, 1.0685 us/op
WorkloadActual   3: 524288 op, 553534100.00 ns, 1.0558 us/op
WorkloadActual   4: 524288 op, 558051400.00 ns, 1.0644 us/op
WorkloadActual   5: 524288 op, 568024000.00 ns, 1.0834 us/op
WorkloadActual   6: 524288 op, 511071100.00 ns, 974.7908 ns/op
WorkloadActual   7: 524288 op, 561681100.00 ns, 1.0713 us/op
WorkloadActual   8: 524288 op, 560374500.00 ns, 1.0688 us/op
WorkloadActual   9: 524288 op, 554554600.00 ns, 1.0577 us/op
WorkloadActual  10: 524288 op, 566267200.00 ns, 1.0801 us/op
WorkloadActual  11: 524288 op, 559023200.00 ns, 1.0663 us/op
WorkloadActual  12: 524288 op, 557224700.00 ns, 1.0628 us/op
WorkloadActual  13: 524288 op, 558412600.00 ns, 1.0651 us/op
WorkloadActual  14: 524288 op, 537838700.00 ns, 1.0258 us/op
WorkloadActual  15: 524288 op, 560695500.00 ns, 1.0694 us/op
WorkloadActual  16: 524288 op, 560946800.00 ns, 1.0699 us/op
WorkloadActual  17: 524288 op, 555378700.00 ns, 1.0593 us/op
WorkloadActual  18: 524288 op, 510379700.00 ns, 973.4720 ns/op
WorkloadActual  19: 524288 op, 563106800.00 ns, 1.0740 us/op
WorkloadActual  20: 524288 op, 554582200.00 ns, 1.0578 us/op
WorkloadActual  21: 524288 op, 537987700.00 ns, 1.0261 us/op
WorkloadActual  22: 524288 op, 557767500.00 ns, 1.0639 us/op
WorkloadActual  23: 524288 op, 575293900.00 ns, 1.0973 us/op
WorkloadActual  24: 524288 op, 566124600.00 ns, 1.0798 us/op
WorkloadActual  25: 524288 op, 561702700.00 ns, 1.0714 us/op
WorkloadActual  26: 524288 op, 558281600.00 ns, 1.0648 us/op
WorkloadActual  27: 524288 op, 560120800.00 ns, 1.0683 us/op
WorkloadActual  28: 524288 op, 561915800.00 ns, 1.0718 us/op

// AfterActualRun
WorkloadResult   1: 524288 op, 558077900.00 ns, 1.0644 us/op
WorkloadResult   2: 524288 op, 551389300.00 ns, 1.0517 us/op
WorkloadResult   3: 524288 op, 555906600.00 ns, 1.0603 us/op
WorkloadResult   4: 524288 op, 565879200.00 ns, 1.0793 us/op
WorkloadResult   5: 524288 op, 508926300.00 ns, 970.6999 ns/op
WorkloadResult   6: 524288 op, 559536300.00 ns, 1.0672 us/op
WorkloadResult   7: 524288 op, 558229700.00 ns, 1.0647 us/op
WorkloadResult   8: 524288 op, 552409800.00 ns, 1.0536 us/op
WorkloadResult   9: 524288 op, 564122400.00 ns, 1.0760 us/op
WorkloadResult  10: 524288 op, 556878400.00 ns, 1.0622 us/op
WorkloadResult  11: 524288 op, 555079900.00 ns, 1.0587 us/op
WorkloadResult  12: 524288 op, 556267800.00 ns, 1.0610 us/op
WorkloadResult  13: 524288 op, 535693900.00 ns, 1.0218 us/op
WorkloadResult  14: 524288 op, 558550700.00 ns, 1.0654 us/op
WorkloadResult  15: 524288 op, 558802000.00 ns, 1.0658 us/op
WorkloadResult  16: 524288 op, 553233900.00 ns, 1.0552 us/op
WorkloadResult  17: 524288 op, 508234900.00 ns, 969.3811 ns/op
WorkloadResult  18: 524288 op, 560962000.00 ns, 1.0700 us/op
WorkloadResult  19: 524288 op, 552437400.00 ns, 1.0537 us/op
WorkloadResult  20: 524288 op, 535842900.00 ns, 1.0220 us/op
WorkloadResult  21: 524288 op, 555622700.00 ns, 1.0598 us/op
WorkloadResult  22: 524288 op, 563979800.00 ns, 1.0757 us/op
WorkloadResult  23: 524288 op, 559557900.00 ns, 1.0673 us/op
WorkloadResult  24: 524288 op, 556136800.00 ns, 1.0607 us/op
WorkloadResult  25: 524288 op, 557976000.00 ns, 1.0643 us/op
WorkloadResult  26: 524288 op, 559771000.00 ns, 1.0677 us/op
// GC:  41 0 0 216319508 524288
// Threading:  0 0 524288

// AfterAll
// Benchmark Process 38292 has exited with code 0.

Mean = 1.053 μs, StdErr = 0.005 μs (0.52%), N = 26, StdDev = 0.028 μs
Min = 0.969 μs, Q1 = 1.054 μs, Median = 1.062 μs, Q3 = 1.067 μs, Max = 1.079 μs
IQR = 0.013 μs, LowerFence = 1.035 μs, UpperFence = 1.086 μs
ConfidenceInterval = [1.033 μs; 1.074 μs] (CI 99.9%), Margin = 0.020 μs (1.93% of Mean)
Skewness = -2.06, Kurtosis = 6.38, MValue = 2

// ** Remained 9 (75,0 %) benchmark(s) to run. Estimated finish 2026-01-04 15:51 (0h 7m from now) **
Setup power plan (GUID: 8c5e7fda-e8bf-4a96-9a85-a6e23a8c635c FriendlyName: Vysoký výkon)
// **************************
// Benchmark: MujBenchmark.Aproximace: DefaultJob [n=7]
// *** Execute ***
// Launch: 1 / 1
// Execute: C:\TOMÍK\8.M\Maturita\diessner_rocnikovaPrace\rpAproximace\rpAproximace\bin\Release\rpAproximace-DefaultJob-1.exe --anonymousPipes 1976 1904 --benchmarkName "rpAproximace.MujBenchmark.Aproximace(n: 7)" --job Default --benchmarkId 3 in 
// BeforeAnythingElse

// Benchmark Process Environment Information:
// BenchmarkDotNet v0.15.8
// Runtime=.NET Framework 4.8.1 (4.8.9221.0), X86 LegacyJIT
// GC=Concurrent Workstation
// HardwareIntrinsics= 
// Job: DefaultJob

OverheadJitting  1: 1 op, 229100.00 ns, 229.1000 us/op
WorkloadJitting  1: 1 op, 1134300.00 ns, 1.1343 ms/op

OverheadJitting  2: 16 op, 340400.00 ns, 21.2750 us/op
WorkloadJitting  2: 16 op, 447400.00 ns, 27.9625 us/op

WorkloadPilot    1: 16 op, 30800.00 ns, 1.9250 us/op
WorkloadPilot    2: 32 op, 62500.00 ns, 1.9531 us/op
WorkloadPilot    3: 64 op, 102400.00 ns, 1.6000 us/op
WorkloadPilot    4: 128 op, 203300.00 ns, 1.5883 us/op
WorkloadPilot    5: 256 op, 386800.00 ns, 1.5109 us/op
WorkloadPilot    6: 512 op, 1032700.00 ns, 2.0170 us/op
WorkloadPilot    7: 1024 op, 1750500.00 ns, 1.7095 us/op
WorkloadPilot    8: 2048 op, 2985700.00 ns, 1.4579 us/op
WorkloadPilot    9: 4096 op, 6389000.00 ns, 1.5598 us/op
WorkloadPilot   10: 8192 op, 11505400.00 ns, 1.4045 us/op
WorkloadPilot   11: 16384 op, 21731200.00 ns, 1.3264 us/op
WorkloadPilot   12: 32768 op, 43779500.00 ns, 1.3360 us/op
WorkloadPilot   13: 65536 op, 69185200.00 ns, 1.0557 us/op
WorkloadPilot   14: 131072 op, 162695400.00 ns, 1.2413 us/op
WorkloadPilot   15: 262144 op, 332868100.00 ns, 1.2698 us/op
WorkloadPilot   16: 524288 op, 674126300.00 ns, 1.2858 us/op

OverheadWarmup   1: 524288 op, 2144800.00 ns, 4.0909 ns/op
OverheadWarmup   2: 524288 op, 2162200.00 ns, 4.1241 ns/op
OverheadWarmup   3: 524288 op, 2158200.00 ns, 4.1164 ns/op
OverheadWarmup   4: 524288 op, 2127600.00 ns, 4.0581 ns/op
OverheadWarmup   5: 524288 op, 2145500.00 ns, 4.0922 ns/op
OverheadWarmup   6: 524288 op, 2128700.00 ns, 4.0602 ns/op

OverheadActual   1: 524288 op, 2141600.00 ns, 4.0848 ns/op
OverheadActual   2: 524288 op, 2123900.00 ns, 4.0510 ns/op
OverheadActual   3: 524288 op, 2142700.00 ns, 4.0869 ns/op
OverheadActual   4: 524288 op, 2131200.00 ns, 4.0649 ns/op
OverheadActual   5: 524288 op, 1367500.00 ns, 2.6083 ns/op
OverheadActual   6: 524288 op, 1322400.00 ns, 2.5223 ns/op
OverheadActual   7: 524288 op, 1386400.00 ns, 2.6443 ns/op
OverheadActual   8: 524288 op, 1395500.00 ns, 2.6617 ns/op
OverheadActual   9: 524288 op, 1388700.00 ns, 2.6487 ns/op
OverheadActual  10: 524288 op, 2135900.00 ns, 4.0739 ns/op
OverheadActual  11: 524288 op, 2206800.00 ns, 4.2091 ns/op
OverheadActual  12: 524288 op, 2141800.00 ns, 4.0852 ns/op
OverheadActual  13: 524288 op, 2142600.00 ns, 4.0867 ns/op
OverheadActual  14: 524288 op, 2125000.00 ns, 4.0531 ns/op
OverheadActual  15: 524288 op, 2126900.00 ns, 4.0567 ns/op
OverheadActual  16: 524288 op, 2372300.00 ns, 4.5248 ns/op
OverheadActual  17: 524288 op, 2140700.00 ns, 4.0831 ns/op
OverheadActual  18: 524288 op, 2969000.00 ns, 5.6629 ns/op
OverheadActual  19: 524288 op, 2173200.00 ns, 4.1451 ns/op
OverheadActual  20: 524288 op, 2205300.00 ns, 4.2063 ns/op

WorkloadWarmup   1: 524288 op, 713318800.00 ns, 1.3605 us/op
WorkloadWarmup   2: 524288 op, 678259500.00 ns, 1.2937 us/op
WorkloadWarmup   3: 524288 op, 694057000.00 ns, 1.3238 us/op
WorkloadWarmup   4: 524288 op, 705129500.00 ns, 1.3449 us/op
WorkloadWarmup   5: 524288 op, 708265000.00 ns, 1.3509 us/op
WorkloadWarmup   6: 524288 op, 760805100.00 ns, 1.4511 us/op
WorkloadWarmup   7: 524288 op, 710380500.00 ns, 1.3549 us/op
WorkloadWarmup   8: 524288 op, 690539200.00 ns, 1.3171 us/op
WorkloadWarmup   9: 524288 op, 709812000.00 ns, 1.3539 us/op
WorkloadWarmup  10: 524288 op, 658600200.00 ns, 1.2562 us/op

// BeforeActualRun
WorkloadActual   1: 524288 op, 674242100.00 ns, 1.2860 us/op
WorkloadActual   2: 524288 op, 686302600.00 ns, 1.3090 us/op
WorkloadActual   3: 524288 op, 682132300.00 ns, 1.3011 us/op
WorkloadActual   4: 524288 op, 686621400.00 ns, 1.3096 us/op
WorkloadActual   5: 524288 op, 670030900.00 ns, 1.2780 us/op
WorkloadActual   6: 524288 op, 708817900.00 ns, 1.3520 us/op
WorkloadActual   7: 524288 op, 742309300.00 ns, 1.4158 us/op
WorkloadActual   8: 524288 op, 682511900.00 ns, 1.3018 us/op
WorkloadActual   9: 524288 op, 724891100.00 ns, 1.3826 us/op
WorkloadActual  10: 524288 op, 668551000.00 ns, 1.2752 us/op
WorkloadActual  11: 524288 op, 621980300.00 ns, 1.1863 us/op
WorkloadActual  12: 524288 op, 689278100.00 ns, 1.3147 us/op
WorkloadActual  13: 524288 op, 673295100.00 ns, 1.2842 us/op
WorkloadActual  14: 524288 op, 663791100.00 ns, 1.2661 us/op
WorkloadActual  15: 524288 op, 685606300.00 ns, 1.3077 us/op
WorkloadActual  16: 524288 op, 662333900.00 ns, 1.2633 us/op
WorkloadActual  17: 524288 op, 683885800.00 ns, 1.3044 us/op
WorkloadActual  18: 524288 op, 692040200.00 ns, 1.3200 us/op
WorkloadActual  19: 524288 op, 680566200.00 ns, 1.2981 us/op
WorkloadActual  20: 524288 op, 641191800.00 ns, 1.2230 us/op
WorkloadActual  21: 524288 op, 679297300.00 ns, 1.2957 us/op
WorkloadActual  22: 524288 op, 678570000.00 ns, 1.2943 us/op
WorkloadActual  23: 524288 op, 693660500.00 ns, 1.3231 us/op
WorkloadActual  24: 524288 op, 693093300.00 ns, 1.3220 us/op
WorkloadActual  25: 524288 op, 687337700.00 ns, 1.3110 us/op
WorkloadActual  26: 524288 op, 701811400.00 ns, 1.3386 us/op
WorkloadActual  27: 524288 op, 690712600.00 ns, 1.3174 us/op
WorkloadActual  28: 524288 op, 668768100.00 ns, 1.2756 us/op

// AfterActualRun
WorkloadResult   1: 524288 op, 672103800.00 ns, 1.2819 us/op
WorkloadResult   2: 524288 op, 684164300.00 ns, 1.3049 us/op
WorkloadResult   3: 524288 op, 679994000.00 ns, 1.2970 us/op
WorkloadResult   4: 524288 op, 684483100.00 ns, 1.3055 us/op
WorkloadResult   5: 524288 op, 667892600.00 ns, 1.2739 us/op
WorkloadResult   6: 524288 op, 706679600.00 ns, 1.3479 us/op
WorkloadResult   7: 524288 op, 680373600.00 ns, 1.2977 us/op
WorkloadResult   8: 524288 op, 666412700.00 ns, 1.2711 us/op
WorkloadResult   9: 524288 op, 619842000.00 ns, 1.1823 us/op
WorkloadResult  10: 524288 op, 687139800.00 ns, 1.3106 us/op
WorkloadResult  11: 524288 op, 671156800.00 ns, 1.2801 us/op
WorkloadResult  12: 524288 op, 661652800.00 ns, 1.2620 us/op
WorkloadResult  13: 524288 op, 683468000.00 ns, 1.3036 us/op
WorkloadResult  14: 524288 op, 660195600.00 ns, 1.2592 us/op
WorkloadResult  15: 524288 op, 681747500.00 ns, 1.3003 us/op
WorkloadResult  16: 524288 op, 689901900.00 ns, 1.3159 us/op
WorkloadResult  17: 524288 op, 678427900.00 ns, 1.2940 us/op
WorkloadResult  18: 524288 op, 639053500.00 ns, 1.2189 us/op
WorkloadResult  19: 524288 op, 677159000.00 ns, 1.2916 us/op
WorkloadResult  20: 524288 op, 676431700.00 ns, 1.2902 us/op
WorkloadResult  21: 524288 op, 691522200.00 ns, 1.3190 us/op
WorkloadResult  22: 524288 op, 690955000.00 ns, 1.3179 us/op
WorkloadResult  23: 524288 op, 685199400.00 ns, 1.3069 us/op
WorkloadResult  24: 524288 op, 699673100.00 ns, 1.3345 us/op
WorkloadResult  25: 524288 op, 688574300.00 ns, 1.3134 us/op
WorkloadResult  26: 524288 op, 666629800.00 ns, 1.2715 us/op
// GC:  96 0 0 504057560 524288
// Threading:  0 0 524288

// AfterAll
// Benchmark Process 30204 has exited with code 0.

Mean = 1.290 μs, StdErr = 0.007 μs (0.52%), N = 26, StdDev = 0.034 μs
Min = 1.182 μs, Q1 = 1.275 μs, Median = 1.297 μs, Q3 = 1.310 μs, Max = 1.348 μs
IQR = 0.034 μs, LowerFence = 1.224 μs, UpperFence = 1.361 μs
ConfidenceInterval = [1.265 μs; 1.315 μs] (CI 99.9%), Margin = 0.025 μs (1.94% of Mean)
Skewness = -1.28, Kurtosis = 5.11, MValue = 2

// ** Remained 8 (66,7 %) benchmark(s) to run. Estimated finish 2026-01-04 15:50 (0h 5m from now) **
Setup power plan (GUID: 8c5e7fda-e8bf-4a96-9a85-a6e23a8c635c FriendlyName: Vysoký výkon)
// **************************
// Benchmark: MujBenchmark.HeldKarp: DefaultJob [n=7]
// *** Execute ***
// Launch: 1 / 1
// Execute: C:\TOMÍK\8.M\Maturita\diessner_rocnikovaPrace\rpAproximace\rpAproximace\bin\Release\rpAproximace-DefaultJob-1.exe --anonymousPipes 2000 1772 --benchmarkName "rpAproximace.MujBenchmark.HeldKarp(n: 7)" --job Default --benchmarkId 4 in 
// BeforeAnythingElse

// Benchmark Process Environment Information:
// BenchmarkDotNet v0.15.8
// Runtime=.NET Framework 4.8.1 (4.8.9221.0), X86 LegacyJIT
// GC=Concurrent Workstation
// HardwareIntrinsics= 
// Job: DefaultJob

OverheadJitting  1: 1 op, 229500.00 ns, 229.5000 us/op
WorkloadJitting  1: 1 op, 1175000.00 ns, 1.1750 ms/op

OverheadJitting  2: 16 op, 525800.00 ns, 32.8625 us/op
WorkloadJitting  2: 16 op, 718000.00 ns, 44.8750 us/op

WorkloadPilot    1: 16 op, 151300.00 ns, 9.4563 us/op
WorkloadPilot    2: 32 op, 348200.00 ns, 10.8813 us/op
WorkloadPilot    3: 64 op, 604600.00 ns, 9.4469 us/op
WorkloadPilot    4: 128 op, 1150800.00 ns, 8.9906 us/op
WorkloadPilot    5: 256 op, 2281800.00 ns, 8.9133 us/op
WorkloadPilot    6: 512 op, 4799200.00 ns, 9.3734 us/op
WorkloadPilot    7: 1024 op, 8774600.00 ns, 8.5689 us/op
WorkloadPilot    8: 2048 op, 15905700.00 ns, 7.7665 us/op
WorkloadPilot    9: 4096 op, 31839800.00 ns, 7.7734 us/op
WorkloadPilot   10: 8192 op, 63367400.00 ns, 7.7353 us/op
WorkloadPilot   11: 16384 op, 126007900.00 ns, 7.6909 us/op
WorkloadPilot   12: 32768 op, 240724100.00 ns, 7.3463 us/op
WorkloadPilot   13: 65536 op, 501801200.00 ns, 7.6569 us/op

OverheadWarmup   1: 65536 op, 274600.00 ns, 4.1901 ns/op
OverheadWarmup   2: 65536 op, 265700.00 ns, 4.0543 ns/op
OverheadWarmup   3: 65536 op, 265400.00 ns, 4.0497 ns/op
OverheadWarmup   4: 65536 op, 265400.00 ns, 4.0497 ns/op
OverheadWarmup   5: 65536 op, 166500.00 ns, 2.5406 ns/op
OverheadWarmup   6: 65536 op, 168700.00 ns, 2.5742 ns/op
OverheadWarmup   7: 65536 op, 167600.00 ns, 2.5574 ns/op

OverheadActual   1: 65536 op, 170800.00 ns, 2.6062 ns/op
OverheadActual   2: 65536 op, 170800.00 ns, 2.6062 ns/op
OverheadActual   3: 65536 op, 170800.00 ns, 2.6062 ns/op
OverheadActual   4: 65536 op, 177500.00 ns, 2.7084 ns/op
OverheadActual   5: 65536 op, 265400.00 ns, 4.0497 ns/op
OverheadActual   6: 65536 op, 265300.00 ns, 4.0482 ns/op
OverheadActual   7: 65536 op, 267800.00 ns, 4.0863 ns/op
OverheadActual   8: 65536 op, 265500.00 ns, 4.0512 ns/op
OverheadActual   9: 65536 op, 269100.00 ns, 4.1061 ns/op
OverheadActual  10: 65536 op, 268000.00 ns, 4.0894 ns/op
OverheadActual  11: 65536 op, 268300.00 ns, 4.0939 ns/op
OverheadActual  12: 65536 op, 265300.00 ns, 4.0482 ns/op
OverheadActual  13: 65536 op, 265200.00 ns, 4.0466 ns/op
OverheadActual  14: 65536 op, 265300.00 ns, 4.0482 ns/op
OverheadActual  15: 65536 op, 267700.00 ns, 4.0848 ns/op
OverheadActual  16: 65536 op, 267900.00 ns, 4.0878 ns/op
OverheadActual  17: 65536 op, 265300.00 ns, 4.0482 ns/op
OverheadActual  18: 65536 op, 265300.00 ns, 4.0482 ns/op
OverheadActual  19: 65536 op, 271500.00 ns, 4.1428 ns/op
OverheadActual  20: 65536 op, 275100.00 ns, 4.1977 ns/op

WorkloadWarmup   1: 65536 op, 504489500.00 ns, 7.6979 us/op
WorkloadWarmup   2: 65536 op, 508793300.00 ns, 7.7636 us/op
WorkloadWarmup   3: 65536 op, 508552400.00 ns, 7.7599 us/op
WorkloadWarmup   4: 65536 op, 479675200.00 ns, 7.3193 us/op
WorkloadWarmup   5: 65536 op, 506091200.00 ns, 7.7223 us/op
WorkloadWarmup   6: 65536 op, 493435300.00 ns, 7.5292 us/op

// BeforeActualRun
WorkloadActual   1: 65536 op, 491390800.00 ns, 7.4980 us/op
WorkloadActual   2: 65536 op, 494780000.00 ns, 7.5497 us/op
WorkloadActual   3: 65536 op, 518283900.00 ns, 7.9084 us/op
WorkloadActual   4: 65536 op, 510353400.00 ns, 7.7874 us/op
WorkloadActual   5: 65536 op, 482761500.00 ns, 7.3664 us/op
WorkloadActual   6: 65536 op, 452766400.00 ns, 6.9087 us/op
WorkloadActual   7: 65536 op, 480134100.00 ns, 7.3263 us/op
WorkloadActual   8: 65536 op, 495914800.00 ns, 7.5671 us/op
WorkloadActual   9: 65536 op, 479787900.00 ns, 7.3210 us/op
WorkloadActual  10: 65536 op, 468891100.00 ns, 7.1547 us/op
WorkloadActual  11: 65536 op, 488168400.00 ns, 7.4489 us/op
WorkloadActual  12: 65536 op, 501915300.00 ns, 7.6586 us/op
WorkloadActual  13: 65536 op, 502213500.00 ns, 7.6632 us/op
WorkloadActual  14: 65536 op, 499879300.00 ns, 7.6276 us/op
WorkloadActual  15: 65536 op, 481297500.00 ns, 7.3440 us/op
WorkloadActual  16: 65536 op, 511765100.00 ns, 7.8089 us/op
WorkloadActual  17: 65536 op, 475169400.00 ns, 7.2505 us/op
WorkloadActual  18: 65536 op, 504881900.00 ns, 7.7039 us/op
WorkloadActual  19: 65536 op, 505917700.00 ns, 7.7197 us/op
WorkloadActual  20: 65536 op, 499245300.00 ns, 7.6179 us/op
WorkloadActual  21: 65536 op, 516201500.00 ns, 7.8766 us/op
WorkloadActual  22: 65536 op, 578904100.00 ns, 8.8334 us/op
WorkloadActual  23: 65536 op, 537298200.00 ns, 8.1985 us/op
WorkloadActual  24: 65536 op, 503998200.00 ns, 7.6904 us/op
WorkloadActual  25: 65536 op, 475344400.00 ns, 7.2532 us/op
WorkloadActual  26: 65536 op, 519805100.00 ns, 7.9316 us/op
WorkloadActual  27: 65536 op, 507299800.00 ns, 7.7408 us/op
WorkloadActual  28: 65536 op, 505828400.00 ns, 7.7183 us/op
WorkloadActual  29: 65536 op, 470741800.00 ns, 7.1829 us/op
WorkloadActual  30: 65536 op, 494423700.00 ns, 7.5443 us/op
WorkloadActual  31: 65536 op, 502631400.00 ns, 7.6695 us/op
WorkloadActual  32: 65536 op, 502330200.00 ns, 7.6650 us/op
WorkloadActual  33: 65536 op, 501621800.00 ns, 7.6541 us/op
WorkloadActual  34: 65536 op, 482703700.00 ns, 7.3655 us/op
WorkloadActual  35: 65536 op, 501216700.00 ns, 7.6480 us/op
WorkloadActual  36: 65536 op, 469612500.00 ns, 7.1657 us/op
WorkloadActual  37: 65536 op, 505016500.00 ns, 7.7059 us/op
WorkloadActual  38: 65536 op, 505434600.00 ns, 7.7123 us/op
WorkloadActual  39: 65536 op, 502465300.00 ns, 7.6670 us/op

// AfterActualRun
WorkloadResult   1: 65536 op, 491125450.00 ns, 7.4940 us/op
WorkloadResult   2: 65536 op, 494514650.00 ns, 7.5457 us/op
WorkloadResult   3: 65536 op, 518018550.00 ns, 7.9043 us/op
WorkloadResult   4: 65536 op, 510088050.00 ns, 7.7833 us/op
WorkloadResult   5: 65536 op, 482496150.00 ns, 7.3623 us/op
WorkloadResult   6: 65536 op, 452501050.00 ns, 6.9046 us/op
WorkloadResult   7: 65536 op, 479868750.00 ns, 7.3222 us/op
WorkloadResult   8: 65536 op, 495649450.00 ns, 7.5630 us/op
WorkloadResult   9: 65536 op, 479522550.00 ns, 7.3169 us/op
WorkloadResult  10: 65536 op, 468625750.00 ns, 7.1507 us/op
WorkloadResult  11: 65536 op, 487903050.00 ns, 7.4448 us/op
WorkloadResult  12: 65536 op, 501649950.00 ns, 7.6546 us/op
WorkloadResult  13: 65536 op, 501948150.00 ns, 7.6591 us/op
WorkloadResult  14: 65536 op, 499613950.00 ns, 7.6235 us/op
WorkloadResult  15: 65536 op, 481032150.00 ns, 7.3400 us/op
WorkloadResult  16: 65536 op, 511499750.00 ns, 7.8049 us/op
WorkloadResult  17: 65536 op, 474904050.00 ns, 7.2465 us/op
WorkloadResult  18: 65536 op, 504616550.00 ns, 7.6998 us/op
WorkloadResult  19: 65536 op, 505652350.00 ns, 7.7156 us/op
WorkloadResult  20: 65536 op, 498979950.00 ns, 7.6138 us/op
WorkloadResult  21: 65536 op, 515936150.00 ns, 7.8726 us/op
WorkloadResult  22: 65536 op, 537032850.00 ns, 8.1945 us/op
WorkloadResult  23: 65536 op, 503732850.00 ns, 7.6864 us/op
WorkloadResult  24: 65536 op, 475079050.00 ns, 7.2491 us/op
WorkloadResult  25: 65536 op, 519539750.00 ns, 7.9275 us/op
WorkloadResult  26: 65536 op, 507034450.00 ns, 7.7367 us/op
WorkloadResult  27: 65536 op, 505563050.00 ns, 7.7143 us/op
WorkloadResult  28: 65536 op, 470476450.00 ns, 7.1789 us/op
WorkloadResult  29: 65536 op, 494158350.00 ns, 7.5403 us/op
WorkloadResult  30: 65536 op, 502366050.00 ns, 7.6655 us/op
WorkloadResult  31: 65536 op, 502064850.00 ns, 7.6609 us/op
WorkloadResult  32: 65536 op, 501356450.00 ns, 7.6501 us/op
WorkloadResult  33: 65536 op, 482438350.00 ns, 7.3614 us/op
WorkloadResult  34: 65536 op, 500951350.00 ns, 7.6439 us/op
WorkloadResult  35: 65536 op, 469347150.00 ns, 7.1617 us/op
WorkloadResult  36: 65536 op, 504751150.00 ns, 7.7019 us/op
WorkloadResult  37: 65536 op, 505169250.00 ns, 7.7083 us/op
WorkloadResult  38: 65536 op, 502199950.00 ns, 7.6630 us/op
// GC:  95 2 0 501043656 65536
// Threading:  0 0 65536

// AfterAll
// Benchmark Process 41200 has exited with code 0.

Mean = 7.565 μs, StdErr = 0.042 μs (0.55%), N = 38, StdDev = 0.257 μs
Min = 6.905 μs, Q1 = 7.362 μs, Median = 7.647 μs, Q3 = 7.707 μs, Max = 8.194 μs
IQR = 0.345 μs, LowerFence = 6.844 μs, UpperFence = 8.224 μs
ConfidenceInterval = [7.416 μs; 7.714 μs] (CI 99.9%), Margin = 0.149 μs (1.97% of Mean)
Skewness = -0.29, Kurtosis = 3.05, MValue = 2.74

// ** Remained 7 (58,3 %) benchmark(s) to run. Estimated finish 2026-01-04 15:49 (0h 4m from now) **
Setup power plan (GUID: 8c5e7fda-e8bf-4a96-9a85-a6e23a8c635c FriendlyName: Vysoký výkon)
// **************************
// Benchmark: MujBenchmark.HrubaSila: DefaultJob [n=7]
// *** Execute ***
// Launch: 1 / 1
// Execute: C:\TOMÍK\8.M\Maturita\diessner_rocnikovaPrace\rpAproximace\rpAproximace\bin\Release\rpAproximace-DefaultJob-1.exe --anonymousPipes 1772 2028 --benchmarkName "rpAproximace.MujBenchmark.HrubaSila(n: 7)" --job Default --benchmarkId 5 in 
// BeforeAnythingElse

// Benchmark Process Environment Information:
// BenchmarkDotNet v0.15.8
// Runtime=.NET Framework 4.8.1 (4.8.9221.0), X86 LegacyJIT
// GC=Concurrent Workstation
// HardwareIntrinsics= 
// Job: DefaultJob

OverheadJitting  1: 1 op, 236300.00 ns, 236.3000 us/op
WorkloadJitting  1: 1 op, 1140300.00 ns, 1.1403 ms/op

OverheadJitting  2: 16 op, 568000.00 ns, 35.5000 us/op
WorkloadJitting  2: 16 op, 919600.00 ns, 57.4750 us/op

WorkloadPilot    1: 16 op, 339700.00 ns, 21.2313 us/op
WorkloadPilot    2: 32 op, 702700.00 ns, 21.9594 us/op
WorkloadPilot    3: 64 op, 1234000.00 ns, 19.2813 us/op
WorkloadPilot    4: 128 op, 2449300.00 ns, 19.1352 us/op
WorkloadPilot    5: 256 op, 4935800.00 ns, 19.2805 us/op
WorkloadPilot    6: 512 op, 10134500.00 ns, 19.7939 us/op
WorkloadPilot    7: 1024 op, 19778100.00 ns, 19.3146 us/op
WorkloadPilot    8: 2048 op, 40234000.00 ns, 19.6455 us/op
WorkloadPilot    9: 4096 op, 78643100.00 ns, 19.2000 us/op
WorkloadPilot   10: 8192 op, 130702400.00 ns, 15.9549 us/op
WorkloadPilot   11: 16384 op, 298179400.00 ns, 18.1994 us/op
WorkloadPilot   12: 32768 op, 591708700.00 ns, 18.0575 us/op

OverheadWarmup   1: 32768 op, 142200.00 ns, 4.3396 ns/op
OverheadWarmup   2: 32768 op, 137100.00 ns, 4.1840 ns/op
OverheadWarmup   3: 32768 op, 138200.00 ns, 4.2175 ns/op
OverheadWarmup   4: 32768 op, 142400.00 ns, 4.3457 ns/op
OverheadWarmup   5: 32768 op, 137000.00 ns, 4.1809 ns/op
OverheadWarmup   6: 32768 op, 138000.00 ns, 4.2114 ns/op
OverheadWarmup   7: 32768 op, 136900.00 ns, 4.1779 ns/op

OverheadActual   1: 32768 op, 137600.00 ns, 4.1992 ns/op
OverheadActual   2: 32768 op, 138600.00 ns, 4.2297 ns/op
OverheadActual   3: 32768 op, 137200.00 ns, 4.1870 ns/op
OverheadActual   4: 32768 op, 140000.00 ns, 4.2725 ns/op
OverheadActual   5: 32768 op, 142000.00 ns, 4.3335 ns/op
OverheadActual   6: 32768 op, 140200.00 ns, 4.2786 ns/op
OverheadActual   7: 32768 op, 137600.00 ns, 4.1992 ns/op
OverheadActual   8: 32768 op, 137000.00 ns, 4.1809 ns/op
OverheadActual   9: 32768 op, 137000.00 ns, 4.1809 ns/op
OverheadActual  10: 32768 op, 139200.00 ns, 4.2480 ns/op
OverheadActual  11: 32768 op, 137000.00 ns, 4.1809 ns/op
OverheadActual  12: 32768 op, 137000.00 ns, 4.1809 ns/op
OverheadActual  13: 32768 op, 136900.00 ns, 4.1779 ns/op
OverheadActual  14: 32768 op, 136900.00 ns, 4.1779 ns/op
OverheadActual  15: 32768 op, 137000.00 ns, 4.1809 ns/op

WorkloadWarmup   1: 32768 op, 548597900.00 ns, 16.7419 us/op
WorkloadWarmup   2: 32768 op, 582669400.00 ns, 17.7817 us/op
WorkloadWarmup   3: 32768 op, 612465900.00 ns, 18.6910 us/op
WorkloadWarmup   4: 32768 op, 601465000.00 ns, 18.3553 us/op
WorkloadWarmup   5: 32768 op, 556644400.00 ns, 16.9874 us/op
WorkloadWarmup   6: 32768 op, 578038900.00 ns, 17.6403 us/op
WorkloadWarmup   7: 32768 op, 611574500.00 ns, 18.6638 us/op
WorkloadWarmup   8: 32768 op, 605330200.00 ns, 18.4732 us/op

// BeforeActualRun
WorkloadActual   1: 32768 op, 607183300.00 ns, 18.5298 us/op
WorkloadActual   2: 32768 op, 614362300.00 ns, 18.7488 us/op
WorkloadActual   3: 32768 op, 601506200.00 ns, 18.3565 us/op
WorkloadActual   4: 32768 op, 604218000.00 ns, 18.4393 us/op
WorkloadActual   5: 32768 op, 612760300.00 ns, 18.7000 us/op
WorkloadActual   6: 32768 op, 584672800.00 ns, 17.8428 us/op
WorkloadActual   7: 32768 op, 610257800.00 ns, 18.6236 us/op
WorkloadActual   8: 32768 op, 542787200.00 ns, 16.5646 us/op
WorkloadActual   9: 32768 op, 581059700.00 ns, 17.7325 us/op
WorkloadActual  10: 32768 op, 608844100.00 ns, 18.5804 us/op
WorkloadActual  11: 32768 op, 607002600.00 ns, 18.5242 us/op
WorkloadActual  12: 32768 op, 597565900.00 ns, 18.2363 us/op
WorkloadActual  13: 32768 op, 567369300.00 ns, 17.3147 us/op
WorkloadActual  14: 32768 op, 588030400.00 ns, 17.9453 us/op
WorkloadActual  15: 32768 op, 611834600.00 ns, 18.6717 us/op
WorkloadActual  16: 32768 op, 592640500.00 ns, 18.0860 us/op
WorkloadActual  17: 32768 op, 591101100.00 ns, 18.0390 us/op
WorkloadActual  18: 32768 op, 614300700.00 ns, 18.7470 us/op
WorkloadActual  19: 32768 op, 587975600.00 ns, 17.9436 us/op
WorkloadActual  20: 32768 op, 568436300.00 ns, 17.3473 us/op
WorkloadActual  21: 32768 op, 599149900.00 ns, 18.2846 us/op
WorkloadActual  22: 32768 op, 613828500.00 ns, 18.7326 us/op
WorkloadActual  23: 32768 op, 682882600.00 ns, 20.8399 us/op
WorkloadActual  24: 32768 op, 669177300.00 ns, 20.4217 us/op
WorkloadActual  25: 32768 op, 726668500.00 ns, 22.1762 us/op
WorkloadActual  26: 32768 op, 685841700.00 ns, 20.9302 us/op
WorkloadActual  27: 32768 op, 627608200.00 ns, 19.1531 us/op
WorkloadActual  28: 32768 op, 603288300.00 ns, 18.4109 us/op
WorkloadActual  29: 32768 op, 503250600.00 ns, 15.3580 us/op
WorkloadActual  30: 32768 op, 609545300.00 ns, 18.6018 us/op
WorkloadActual  31: 32768 op, 612852400.00 ns, 18.7028 us/op
WorkloadActual  32: 32768 op, 608592000.00 ns, 18.5728 us/op
WorkloadActual  33: 32768 op, 593869800.00 ns, 18.1235 us/op
WorkloadActual  34: 32768 op, 600747400.00 ns, 18.3334 us/op
WorkloadActual  35: 32768 op, 613599500.00 ns, 18.7256 us/op
WorkloadActual  36: 32768 op, 588767100.00 ns, 17.9677 us/op
WorkloadActual  37: 32768 op, 584754100.00 ns, 17.8453 us/op
WorkloadActual  38: 32768 op, 608458300.00 ns, 18.5687 us/op
WorkloadActual  39: 32768 op, 556631800.00 ns, 16.9871 us/op
WorkloadActual  40: 32768 op, 606601600.00 ns, 18.5120 us/op
WorkloadActual  41: 32768 op, 586016300.00 ns, 17.8838 us/op
WorkloadActual  42: 32768 op, 576202600.00 ns, 17.5843 us/op
WorkloadActual  43: 32768 op, 585589400.00 ns, 17.8708 us/op
WorkloadActual  44: 32768 op, 613980900.00 ns, 18.7372 us/op
WorkloadActual  45: 32768 op, 600485200.00 ns, 18.3254 us/op
WorkloadActual  46: 32768 op, 610528900.00 ns, 18.6319 us/op
WorkloadActual  47: 32768 op, 612437400.00 ns, 18.6901 us/op
WorkloadActual  48: 32768 op, 611559000.00 ns, 18.6633 us/op

// AfterActualRun
WorkloadResult   1: 32768 op, 607046100.00 ns, 18.5256 us/op
WorkloadResult   2: 32768 op, 614225100.00 ns, 18.7447 us/op
WorkloadResult   3: 32768 op, 601369000.00 ns, 18.3523 us/op
WorkloadResult   4: 32768 op, 604080800.00 ns, 18.4351 us/op
WorkloadResult   5: 32768 op, 612623100.00 ns, 18.6958 us/op
WorkloadResult   6: 32768 op, 584535600.00 ns, 17.8386 us/op
WorkloadResult   7: 32768 op, 610120600.00 ns, 18.6194 us/op
WorkloadResult   8: 32768 op, 542650000.00 ns, 16.5604 us/op
WorkloadResult   9: 32768 op, 580922500.00 ns, 17.7283 us/op
WorkloadResult  10: 32768 op, 608706900.00 ns, 18.5763 us/op
WorkloadResult  11: 32768 op, 606865400.00 ns, 18.5201 us/op
WorkloadResult  12: 32768 op, 597428700.00 ns, 18.2321 us/op
WorkloadResult  13: 32768 op, 567232100.00 ns, 17.3105 us/op
WorkloadResult  14: 32768 op, 587893200.00 ns, 17.9411 us/op
WorkloadResult  15: 32768 op, 611697400.00 ns, 18.6675 us/op
WorkloadResult  16: 32768 op, 592503300.00 ns, 18.0818 us/op
WorkloadResult  17: 32768 op, 590963900.00 ns, 18.0348 us/op
WorkloadResult  18: 32768 op, 614163500.00 ns, 18.7428 us/op
WorkloadResult  19: 32768 op, 587838400.00 ns, 17.9394 us/op
WorkloadResult  20: 32768 op, 568299100.00 ns, 17.3431 us/op
WorkloadResult  21: 32768 op, 599012700.00 ns, 18.2804 us/op
WorkloadResult  22: 32768 op, 613691300.00 ns, 18.7284 us/op
WorkloadResult  23: 32768 op, 627471000.00 ns, 19.1489 us/op
WorkloadResult  24: 32768 op, 603151100.00 ns, 18.4067 us/op
WorkloadResult  25: 32768 op, 503113400.00 ns, 15.3538 us/op
WorkloadResult  26: 32768 op, 609408100.00 ns, 18.5977 us/op
WorkloadResult  27: 32768 op, 612715200.00 ns, 18.6986 us/op
WorkloadResult  28: 32768 op, 608454800.00 ns, 18.5686 us/op
WorkloadResult  29: 32768 op, 593732600.00 ns, 18.1193 us/op
WorkloadResult  30: 32768 op, 600610200.00 ns, 18.3292 us/op
WorkloadResult  31: 32768 op, 613462300.00 ns, 18.7214 us/op
WorkloadResult  32: 32768 op, 588629900.00 ns, 17.9636 us/op
WorkloadResult  33: 32768 op, 584616900.00 ns, 17.8411 us/op
WorkloadResult  34: 32768 op, 608321100.00 ns, 18.5645 us/op
WorkloadResult  35: 32768 op, 556494600.00 ns, 16.9829 us/op
WorkloadResult  36: 32768 op, 606464400.00 ns, 18.5078 us/op
WorkloadResult  37: 32768 op, 585879100.00 ns, 17.8796 us/op
WorkloadResult  38: 32768 op, 576065400.00 ns, 17.5801 us/op
WorkloadResult  39: 32768 op, 585452200.00 ns, 17.8666 us/op
WorkloadResult  40: 32768 op, 613843700.00 ns, 18.7330 us/op
WorkloadResult  41: 32768 op, 600348000.00 ns, 18.3212 us/op
WorkloadResult  42: 32768 op, 610391700.00 ns, 18.6277 us/op
WorkloadResult  43: 32768 op, 612300200.00 ns, 18.6859 us/op
WorkloadResult  44: 32768 op, 611421800.00 ns, 18.6591 us/op
// GC:  3 0 0 16670816 32768
// Threading:  0 0 32768

// AfterAll
// Benchmark Process 29892 has exited with code 0.

Mean = 18.183 μs, StdErr = 0.103 μs (0.57%), N = 44, StdDev = 0.682 μs
Min = 15.354 μs, Q1 = 17.924 μs, Median = 18.380 μs, Q3 = 18.636 μs, Max = 19.149 μs
IQR = 0.711 μs, LowerFence = 16.858 μs, UpperFence = 19.702 μs
ConfidenceInterval = [17.820 μs; 18.546 μs] (CI 99.9%), Margin = 0.363 μs (2.00% of Mean)
Skewness = -1.97, Kurtosis = 8.03, MValue = 2

// ** Remained 6 (50,0 %) benchmark(s) to run. Estimated finish 2026-01-04 15:49 (0h 3m from now) **
Setup power plan (GUID: 8c5e7fda-e8bf-4a96-9a85-a6e23a8c635c FriendlyName: Vysoký výkon)
// **************************
// Benchmark: MujBenchmark.Aproximace: DefaultJob [n=10]
// *** Execute ***
// Launch: 1 / 1
// Execute: C:\TOMÍK\8.M\Maturita\diessner_rocnikovaPrace\rpAproximace\rpAproximace\bin\Release\rpAproximace-DefaultJob-1.exe --anonymousPipes 2052 1772 --benchmarkName "rpAproximace.MujBenchmark.Aproximace(n: 10)" --job Default --benchmarkId 6 in 
// BeforeAnythingElse

// Benchmark Process Environment Information:
// BenchmarkDotNet v0.15.8
// Runtime=.NET Framework 4.8.1 (4.8.9221.0), X86 LegacyJIT
// GC=Concurrent Workstation
// HardwareIntrinsics= 
// Job: DefaultJob

OverheadJitting  1: 1 op, 229400.00 ns, 229.4000 us/op
WorkloadJitting  1: 1 op, 1714700.00 ns, 1.7147 ms/op

OverheadJitting  2: 16 op, 488500.00 ns, 30.5313 us/op
WorkloadJitting  2: 16 op, 549200.00 ns, 34.3250 us/op

WorkloadPilot    1: 16 op, 43200.00 ns, 2.7000 us/op
WorkloadPilot    2: 32 op, 82900.00 ns, 2.5906 us/op
WorkloadPilot    3: 64 op, 157900.00 ns, 2.4672 us/op
WorkloadPilot    4: 128 op, 298700.00 ns, 2.3336 us/op
WorkloadPilot    5: 256 op, 574300.00 ns, 2.2434 us/op
WorkloadPilot    6: 512 op, 1168800.00 ns, 2.2828 us/op
WorkloadPilot    7: 1024 op, 2432500.00 ns, 2.3755 us/op
WorkloadPilot    8: 2048 op, 4580600.00 ns, 2.2366 us/op
WorkloadPilot    9: 4096 op, 9326400.00 ns, 2.2770 us/op
WorkloadPilot   10: 8192 op, 16125700.00 ns, 1.9685 us/op
WorkloadPilot   11: 16384 op, 32275800.00 ns, 1.9700 us/op
WorkloadPilot   12: 32768 op, 64940600.00 ns, 1.9818 us/op
WorkloadPilot   13: 65536 op, 130215400.00 ns, 1.9869 us/op
WorkloadPilot   14: 131072 op, 258832700.00 ns, 1.9747 us/op
WorkloadPilot   15: 262144 op, 520506400.00 ns, 1.9856 us/op

OverheadWarmup   1: 262144 op, 1083200.00 ns, 4.1321 ns/op
OverheadWarmup   2: 262144 op, 1074800.00 ns, 4.1000 ns/op
OverheadWarmup   3: 262144 op, 1108000.00 ns, 4.2267 ns/op
OverheadWarmup   4: 262144 op, 1070700.00 ns, 4.0844 ns/op
OverheadWarmup   5: 262144 op, 1070400.00 ns, 4.0833 ns/op
OverheadWarmup   6: 262144 op, 1061300.00 ns, 4.0485 ns/op
OverheadWarmup   7: 262144 op, 1073200.00 ns, 4.0939 ns/op
OverheadWarmup   8: 262144 op, 1062800.00 ns, 4.0543 ns/op

OverheadActual   1: 262144 op, 1061900.00 ns, 4.0508 ns/op
OverheadActual   2: 262144 op, 1082400.00 ns, 4.1290 ns/op
OverheadActual   3: 262144 op, 1068500.00 ns, 4.0760 ns/op
OverheadActual   4: 262144 op, 1066200.00 ns, 4.0672 ns/op
OverheadActual   5: 262144 op, 1060600.00 ns, 4.0459 ns/op
OverheadActual   6: 262144 op, 1064500.00 ns, 4.0607 ns/op
OverheadActual   7: 262144 op, 1085900.00 ns, 4.1424 ns/op
OverheadActual   8: 262144 op, 1086700.00 ns, 4.1454 ns/op
OverheadActual   9: 262144 op, 1051900.00 ns, 4.0127 ns/op
OverheadActual  10: 262144 op, 1060500.00 ns, 4.0455 ns/op
OverheadActual  11: 262144 op, 1064400.00 ns, 4.0604 ns/op
OverheadActual  12: 262144 op, 1061300.00 ns, 4.0485 ns/op
OverheadActual  13: 262144 op, 1060300.00 ns, 4.0447 ns/op
OverheadActual  14: 262144 op, 1084700.00 ns, 4.1378 ns/op
OverheadActual  15: 262144 op, 1078700.00 ns, 4.1149 ns/op

WorkloadWarmup   1: 262144 op, 499304700.00 ns, 1.9047 us/op
WorkloadWarmup   2: 262144 op, 502017200.00 ns, 1.9150 us/op
WorkloadWarmup   3: 262144 op, 521322300.00 ns, 1.9887 us/op
WorkloadWarmup   4: 262144 op, 521249100.00 ns, 1.9884 us/op
WorkloadWarmup   5: 262144 op, 509876500.00 ns, 1.9450 us/op
WorkloadWarmup   6: 262144 op, 497389800.00 ns, 1.8974 us/op
WorkloadWarmup   7: 262144 op, 519250500.00 ns, 1.9808 us/op
WorkloadWarmup   8: 262144 op, 503472200.00 ns, 1.9206 us/op

// BeforeActualRun
WorkloadActual   1: 262144 op, 557672900.00 ns, 2.1274 us/op
WorkloadActual   2: 262144 op, 518970000.00 ns, 1.9797 us/op
WorkloadActual   3: 262144 op, 514593400.00 ns, 1.9630 us/op
WorkloadActual   4: 262144 op, 515958700.00 ns, 1.9682 us/op
WorkloadActual   5: 262144 op, 515346900.00 ns, 1.9659 us/op
WorkloadActual   6: 262144 op, 513820200.00 ns, 1.9601 us/op
WorkloadActual   7: 262144 op, 518759800.00 ns, 1.9789 us/op
WorkloadActual   8: 262144 op, 514084500.00 ns, 1.9611 us/op
WorkloadActual   9: 262144 op, 519255500.00 ns, 1.9808 us/op
WorkloadActual  10: 262144 op, 477481500.00 ns, 1.8214 us/op
WorkloadActual  11: 262144 op, 479080300.00 ns, 1.8275 us/op
WorkloadActual  12: 262144 op, 497364000.00 ns, 1.8973 us/op
WorkloadActual  13: 262144 op, 485642100.00 ns, 1.8526 us/op
WorkloadActual  14: 262144 op, 516312300.00 ns, 1.9696 us/op
WorkloadActual  15: 262144 op, 502914900.00 ns, 1.9185 us/op
WorkloadActual  16: 262144 op, 518824800.00 ns, 1.9792 us/op
WorkloadActual  17: 262144 op, 521317200.00 ns, 1.9887 us/op
WorkloadActual  18: 262144 op, 493864300.00 ns, 1.8839 us/op
WorkloadActual  19: 262144 op, 514666300.00 ns, 1.9633 us/op
WorkloadActual  20: 262144 op, 562381100.00 ns, 2.1453 us/op
WorkloadActual  21: 262144 op, 550355000.00 ns, 2.0994 us/op
WorkloadActual  22: 262144 op, 525966700.00 ns, 2.0064 us/op
WorkloadActual  23: 262144 op, 527168000.00 ns, 2.0110 us/op
WorkloadActual  24: 262144 op, 520744800.00 ns, 1.9865 us/op
WorkloadActual  25: 262144 op, 514086900.00 ns, 1.9611 us/op
WorkloadActual  26: 262144 op, 513875900.00 ns, 1.9603 us/op
WorkloadActual  27: 262144 op, 518257300.00 ns, 1.9770 us/op
WorkloadActual  28: 262144 op, 512133300.00 ns, 1.9536 us/op

// AfterActualRun
WorkloadResult   1: 262144 op, 517905500.00 ns, 1.9757 us/op
WorkloadResult   2: 262144 op, 513528900.00 ns, 1.9590 us/op
WorkloadResult   3: 262144 op, 514894200.00 ns, 1.9642 us/op
WorkloadResult   4: 262144 op, 514282400.00 ns, 1.9618 us/op
WorkloadResult   5: 262144 op, 512755700.00 ns, 1.9560 us/op
WorkloadResult   6: 262144 op, 517695300.00 ns, 1.9749 us/op
WorkloadResult   7: 262144 op, 513020000.00 ns, 1.9570 us/op
WorkloadResult   8: 262144 op, 518191000.00 ns, 1.9767 us/op
WorkloadResult   9: 262144 op, 476417000.00 ns, 1.8174 us/op
WorkloadResult  10: 262144 op, 478015800.00 ns, 1.8235 us/op
WorkloadResult  11: 262144 op, 496299500.00 ns, 1.8932 us/op
WorkloadResult  12: 262144 op, 484577600.00 ns, 1.8485 us/op
WorkloadResult  13: 262144 op, 515247800.00 ns, 1.9655 us/op
WorkloadResult  14: 262144 op, 501850400.00 ns, 1.9144 us/op
WorkloadResult  15: 262144 op, 517760300.00 ns, 1.9751 us/op
WorkloadResult  16: 262144 op, 520252700.00 ns, 1.9846 us/op
WorkloadResult  17: 262144 op, 492799800.00 ns, 1.8799 us/op
WorkloadResult  18: 262144 op, 513601800.00 ns, 1.9592 us/op
WorkloadResult  19: 262144 op, 524902200.00 ns, 2.0023 us/op
WorkloadResult  20: 262144 op, 526103500.00 ns, 2.0069 us/op
WorkloadResult  21: 262144 op, 519680300.00 ns, 1.9824 us/op
WorkloadResult  22: 262144 op, 513022400.00 ns, 1.9570 us/op
WorkloadResult  23: 262144 op, 512811400.00 ns, 1.9562 us/op
WorkloadResult  24: 262144 op, 517192800.00 ns, 1.9729 us/op
WorkloadResult  25: 262144 op, 511068800.00 ns, 1.9496 us/op
// GC:  68 0 0 357034968 262144
// Threading:  0 0 262144

// AfterAll
// Benchmark Process 19196 has exited with code 0.

Mean = 1.945 μs, StdErr = 0.010 μs (0.53%), N = 25, StdDev = 0.052 μs
Min = 1.817 μs, Q1 = 1.950 μs, Median = 1.959 μs, Q3 = 1.975 μs, Max = 2.007 μs
IQR = 0.026 μs, LowerFence = 1.911 μs, UpperFence = 2.013 μs
ConfidenceInterval = [1.906 μs; 1.984 μs] (CI 99.9%), Margin = 0.039 μs (2.00% of Mean)
Skewness = -1.26, Kurtosis = 3.41, MValue = 2

// ** Remained 5 (41,7 %) benchmark(s) to run. Estimated finish 2026-01-04 15:48 (0h 3m from now) **
Setup power plan (GUID: 8c5e7fda-e8bf-4a96-9a85-a6e23a8c635c FriendlyName: Vysoký výkon)
// **************************
// Benchmark: MujBenchmark.HeldKarp: DefaultJob [n=10]
// *** Execute ***
// Launch: 1 / 1
// Execute: C:\TOMÍK\8.M\Maturita\diessner_rocnikovaPrace\rpAproximace\rpAproximace\bin\Release\rpAproximace-DefaultJob-1.exe --anonymousPipes 1924 2076 --benchmarkName "rpAproximace.MujBenchmark.HeldKarp(n: 10)" --job Default --benchmarkId 7 in 
// BeforeAnythingElse

// Benchmark Process Environment Information:
// BenchmarkDotNet v0.15.8
// Runtime=.NET Framework 4.8.1 (4.8.9221.0), X86 LegacyJIT
// GC=Concurrent Workstation
// HardwareIntrinsics= 
// Job: DefaultJob

OverheadJitting  1: 1 op, 231500.00 ns, 231.5000 us/op
WorkloadJitting  1: 1 op, 1454500.00 ns, 1.4545 ms/op

OverheadJitting  2: 16 op, 490000.00 ns, 30.6250 us/op
WorkloadJitting  2: 16 op, 4620400.00 ns, 288.7750 us/op

WorkloadPilot    1: 16 op, 3637300.00 ns, 227.3313 us/op
WorkloadPilot    2: 32 op, 7296500.00 ns, 228.0156 us/op
WorkloadPilot    3: 64 op, 14059800.00 ns, 219.6844 us/op
WorkloadPilot    4: 128 op, 24777000.00 ns, 193.5703 us/op
WorkloadPilot    5: 256 op, 49848700.00 ns, 194.7215 us/op
WorkloadPilot    6: 512 op, 99533400.00 ns, 194.4012 us/op
WorkloadPilot    7: 1024 op, 197118000.00 ns, 192.4980 us/op
WorkloadPilot    8: 2048 op, 399117800.00 ns, 194.8817 us/op
WorkloadPilot    9: 4096 op, 769372200.00 ns, 187.8350 us/op

OverheadWarmup   1: 4096 op, 22200.00 ns, 5.4199 ns/op
OverheadWarmup   2: 4096 op, 17100.00 ns, 4.1748 ns/op
OverheadWarmup   3: 4096 op, 17200.00 ns, 4.1992 ns/op
OverheadWarmup   4: 4096 op, 17400.00 ns, 4.2480 ns/op
OverheadWarmup   5: 4096 op, 17000.00 ns, 4.1504 ns/op
OverheadWarmup   6: 4096 op, 16900.00 ns, 4.1260 ns/op
OverheadWarmup   7: 4096 op, 17000.00 ns, 4.1504 ns/op
OverheadWarmup   8: 4096 op, 17100.00 ns, 4.1748 ns/op
OverheadWarmup   9: 4096 op, 16900.00 ns, 4.1260 ns/op

OverheadActual   1: 4096 op, 16900.00 ns, 4.1260 ns/op
OverheadActual   2: 4096 op, 17600.00 ns, 4.2969 ns/op
OverheadActual   3: 4096 op, 17100.00 ns, 4.1748 ns/op
OverheadActual   4: 4096 op, 17300.00 ns, 4.2236 ns/op
OverheadActual   5: 4096 op, 17000.00 ns, 4.1504 ns/op
OverheadActual   6: 4096 op, 17400.00 ns, 4.2480 ns/op
OverheadActual   7: 4096 op, 16900.00 ns, 4.1260 ns/op
OverheadActual   8: 4096 op, 16900.00 ns, 4.1260 ns/op
OverheadActual   9: 4096 op, 16800.00 ns, 4.1016 ns/op
OverheadActual  10: 4096 op, 17200.00 ns, 4.1992 ns/op
OverheadActual  11: 4096 op, 17500.00 ns, 4.2725 ns/op
OverheadActual  12: 4096 op, 17400.00 ns, 4.2480 ns/op
OverheadActual  13: 4096 op, 16900.00 ns, 4.1260 ns/op
OverheadActual  14: 4096 op, 16900.00 ns, 4.1260 ns/op
OverheadActual  15: 4096 op, 16900.00 ns, 4.1260 ns/op

WorkloadWarmup   1: 4096 op, 763478300.00 ns, 186.3961 us/op
WorkloadWarmup   2: 4096 op, 776422000.00 ns, 189.5562 us/op
WorkloadWarmup   3: 4096 op, 785470600.00 ns, 191.7653 us/op
WorkloadWarmup   4: 4096 op, 783018700.00 ns, 191.1667 us/op
WorkloadWarmup   5: 4096 op, 778481500.00 ns, 190.0590 us/op
WorkloadWarmup   6: 4096 op, 814376500.00 ns, 198.8224 us/op
WorkloadWarmup   7: 4096 op, 794344600.00 ns, 193.9318 us/op

// BeforeActualRun
WorkloadActual   1: 4096 op, 773426500.00 ns, 188.8248 us/op
WorkloadActual   2: 4096 op, 785686200.00 ns, 191.8179 us/op
WorkloadActual   3: 4096 op, 791001300.00 ns, 193.1156 us/op
WorkloadActual   4: 4096 op, 786386700.00 ns, 191.9889 us/op
WorkloadActual   5: 4096 op, 791421300.00 ns, 193.2181 us/op
WorkloadActual   6: 4096 op, 732284700.00 ns, 178.7804 us/op
WorkloadActual   7: 4096 op, 786629700.00 ns, 192.0483 us/op
WorkloadActual   8: 4096 op, 790761800.00 ns, 193.0571 us/op
WorkloadActual   9: 4096 op, 790573200.00 ns, 193.0110 us/op
WorkloadActual  10: 4096 op, 777622600.00 ns, 189.8493 us/op
WorkloadActual  11: 4096 op, 761053700.00 ns, 185.8041 us/op
WorkloadActual  12: 4096 op, 820323600.00 ns, 200.2743 us/op
WorkloadActual  13: 4096 op, 790436600.00 ns, 192.9777 us/op
WorkloadActual  14: 4096 op, 788219200.00 ns, 192.4363 us/op
WorkloadActual  15: 4096 op, 785604600.00 ns, 191.7980 us/op
WorkloadActual  16: 4096 op, 763753200.00 ns, 186.4632 us/op
WorkloadActual  17: 4096 op, 787389600.00 ns, 192.2338 us/op
WorkloadActual  18: 4096 op, 792905500.00 ns, 193.5804 us/op

// AfterActualRun
WorkloadResult   1: 4096 op, 773409500.00 ns, 188.8207 us/op
WorkloadResult   2: 4096 op, 785669200.00 ns, 191.8138 us/op
WorkloadResult   3: 4096 op, 790984300.00 ns, 193.1114 us/op
WorkloadResult   4: 4096 op, 786369700.00 ns, 191.9848 us/op
WorkloadResult   5: 4096 op, 791404300.00 ns, 193.2139 us/op
WorkloadResult   6: 4096 op, 732267700.00 ns, 178.7763 us/op
WorkloadResult   7: 4096 op, 786612700.00 ns, 192.0441 us/op
WorkloadResult   8: 4096 op, 790744800.00 ns, 193.0529 us/op
WorkloadResult   9: 4096 op, 790556200.00 ns, 193.0069 us/op
WorkloadResult  10: 4096 op, 777605600.00 ns, 189.8451 us/op
WorkloadResult  11: 4096 op, 761036700.00 ns, 185.8000 us/op
WorkloadResult  12: 4096 op, 790419600.00 ns, 192.9735 us/op
WorkloadResult  13: 4096 op, 788202200.00 ns, 192.4322 us/op
WorkloadResult  14: 4096 op, 785587600.00 ns, 191.7938 us/op
WorkloadResult  15: 4096 op, 763736200.00 ns, 186.4590 us/op
WorkloadResult  16: 4096 op, 787372600.00 ns, 192.2296 us/op
WorkloadResult  17: 4096 op, 792888500.00 ns, 193.5763 us/op
// GC:  64 15 0 338509824 4096
// Threading:  0 0 4096

// AfterAll
// Benchmark Process 10756 has exited with code 0.

Mean = 190.643 μs, StdErr = 0.932 μs (0.49%), N = 17, StdDev = 3.841 μs
Min = 178.776 μs, Q1 = 189.845 μs, Median = 192.044 μs, Q3 = 193.007 μs, Max = 193.576 μs
IQR = 3.162 μs, LowerFence = 185.102 μs, UpperFence = 197.750 μs
ConfidenceInterval = [186.903 μs; 194.383 μs] (CI 99.9%), Margin = 3.740 μs (1.96% of Mean)
Skewness = -1.82, Kurtosis = 5.67, MValue = 2

// ** Remained 4 (33,3 %) benchmark(s) to run. Estimated finish 2026-01-04 15:48 (0h 2m from now) **
Setup power plan (GUID: 8c5e7fda-e8bf-4a96-9a85-a6e23a8c635c FriendlyName: Vysoký výkon)
// **************************
// Benchmark: MujBenchmark.HrubaSila: DefaultJob [n=10]
// *** Execute ***
// Launch: 1 / 1
// Execute: C:\TOMÍK\8.M\Maturita\diessner_rocnikovaPrace\rpAproximace\rpAproximace\bin\Release\rpAproximace-DefaultJob-1.exe --anonymousPipes 2056 2064 --benchmarkName "rpAproximace.MujBenchmark.HrubaSila(n: 10)" --job Default --benchmarkId 8 in 
// BeforeAnythingElse

// Benchmark Process Environment Information:
// BenchmarkDotNet v0.15.8
// Runtime=.NET Framework 4.8.1 (4.8.9221.0), X86 LegacyJIT
// GC=Concurrent Workstation
// HardwareIntrinsics= 
// Job: DefaultJob

OverheadJitting  1: 1 op, 222500.00 ns, 222.5000 us/op
WorkloadJitting  1: 1 op, 11624200.00 ns, 11.6242 ms/op

OverheadJitting  2: 16 op, 536800.00 ns, 33.5500 us/op
WorkloadJitting  2: 16 op, 169606000.00 ns, 10.6004 ms/op

WorkloadPilot    1: 16 op, 164187100.00 ns, 10.2617 ms/op
WorkloadPilot    2: 32 op, 333734400.00 ns, 10.4292 ms/op
WorkloadPilot    3: 64 op, 673462900.00 ns, 10.5229 ms/op

OverheadWarmup   1: 64 op, 4200.00 ns, 65.6250 ns/op
OverheadWarmup   2: 64 op, 600.00 ns, 9.3750 ns/op
OverheadWarmup   3: 64 op, 600.00 ns, 9.3750 ns/op
OverheadWarmup   4: 64 op, 700.00 ns, 10.9375 ns/op
OverheadWarmup   5: 64 op, 600.00 ns, 9.3750 ns/op
OverheadWarmup   6: 64 op, 1200.00 ns, 18.7500 ns/op

OverheadActual   1: 64 op, 700.00 ns, 10.9375 ns/op
OverheadActual   2: 64 op, 900.00 ns, 14.0625 ns/op
OverheadActual   3: 64 op, 700.00 ns, 10.9375 ns/op
OverheadActual   4: 64 op, 800.00 ns, 12.5000 ns/op
OverheadActual   5: 64 op, 700.00 ns, 10.9375 ns/op
OverheadActual   6: 64 op, 700.00 ns, 10.9375 ns/op
OverheadActual   7: 64 op, 700.00 ns, 10.9375 ns/op
OverheadActual   8: 64 op, 600.00 ns, 9.3750 ns/op
OverheadActual   9: 64 op, 500.00 ns, 7.8125 ns/op
OverheadActual  10: 64 op, 500.00 ns, 7.8125 ns/op
OverheadActual  11: 64 op, 500.00 ns, 7.8125 ns/op
OverheadActual  12: 64 op, 500.00 ns, 7.8125 ns/op
OverheadActual  13: 64 op, 500.00 ns, 7.8125 ns/op
OverheadActual  14: 64 op, 500.00 ns, 7.8125 ns/op
OverheadActual  15: 64 op, 800.00 ns, 12.5000 ns/op
OverheadActual  16: 64 op, 500.00 ns, 7.8125 ns/op
OverheadActual  17: 64 op, 600.00 ns, 9.3750 ns/op
OverheadActual  18: 64 op, 500.00 ns, 7.8125 ns/op
OverheadActual  19: 64 op, 500.00 ns, 7.8125 ns/op
OverheadActual  20: 64 op, 500.00 ns, 7.8125 ns/op

WorkloadWarmup   1: 64 op, 645735600.00 ns, 10.0896 ms/op
WorkloadWarmup   2: 64 op, 664359100.00 ns, 10.3806 ms/op
WorkloadWarmup   3: 64 op, 735045400.00 ns, 11.4851 ms/op
WorkloadWarmup   4: 64 op, 664338900.00 ns, 10.3803 ms/op
WorkloadWarmup   5: 64 op, 680737700.00 ns, 10.6365 ms/op
WorkloadWarmup   6: 64 op, 680086400.00 ns, 10.6264 ms/op

// BeforeActualRun
WorkloadActual   1: 64 op, 682602800.00 ns, 10.6657 ms/op
WorkloadActual   2: 64 op, 677643500.00 ns, 10.5882 ms/op
WorkloadActual   3: 64 op, 679197800.00 ns, 10.6125 ms/op
WorkloadActual   4: 64 op, 687574600.00 ns, 10.7434 ms/op
WorkloadActual   5: 64 op, 686310800.00 ns, 10.7236 ms/op
WorkloadActual   6: 64 op, 713006100.00 ns, 11.1407 ms/op
WorkloadActual   7: 64 op, 709073100.00 ns, 11.0793 ms/op
WorkloadActual   8: 64 op, 626627400.00 ns, 9.7911 ms/op
WorkloadActual   9: 64 op, 668472800.00 ns, 10.4449 ms/op
WorkloadActual  10: 64 op, 677046500.00 ns, 10.5789 ms/op
WorkloadActual  11: 64 op, 699045500.00 ns, 10.9226 ms/op
WorkloadActual  12: 64 op, 698483200.00 ns, 10.9138 ms/op
WorkloadActual  13: 64 op, 808772700.00 ns, 12.6371 ms/op
WorkloadActual  14: 64 op, 726293400.00 ns, 11.3483 ms/op
WorkloadActual  15: 64 op, 676499200.00 ns, 10.5703 ms/op
WorkloadActual  16: 64 op, 651350400.00 ns, 10.1774 ms/op
WorkloadActual  17: 64 op, 681922000.00 ns, 10.6550 ms/op
WorkloadActual  18: 64 op, 675974300.00 ns, 10.5621 ms/op
WorkloadActual  19: 64 op, 678771600.00 ns, 10.6058 ms/op
WorkloadActual  20: 64 op, 675212200.00 ns, 10.5502 ms/op
WorkloadActual  21: 64 op, 667954900.00 ns, 10.4368 ms/op
WorkloadActual  22: 64 op, 654118500.00 ns, 10.2206 ms/op
WorkloadActual  23: 64 op, 622373500.00 ns, 9.7246 ms/op
WorkloadActual  24: 64 op, 658386000.00 ns, 10.2873 ms/op
WorkloadActual  25: 64 op, 677721000.00 ns, 10.5894 ms/op
WorkloadActual  26: 64 op, 647502400.00 ns, 10.1172 ms/op
WorkloadActual  27: 64 op, 679530800.00 ns, 10.6177 ms/op
WorkloadActual  28: 64 op, 703779600.00 ns, 10.9966 ms/op
WorkloadActual  29: 64 op, 680015300.00 ns, 10.6252 ms/op
WorkloadActual  30: 64 op, 669984200.00 ns, 10.4685 ms/op
WorkloadActual  31: 64 op, 674498000.00 ns, 10.5390 ms/op
WorkloadActual  32: 64 op, 678357300.00 ns, 10.5993 ms/op
WorkloadActual  33: 64 op, 678623400.00 ns, 10.6035 ms/op

// AfterActualRun
WorkloadResult   1: 64 op, 682602250.00 ns, 10.6657 ms/op
WorkloadResult   2: 64 op, 677642950.00 ns, 10.5882 ms/op
WorkloadResult   3: 64 op, 679197250.00 ns, 10.6125 ms/op
WorkloadResult   4: 64 op, 687574050.00 ns, 10.7433 ms/op
WorkloadResult   5: 64 op, 686310250.00 ns, 10.7236 ms/op
WorkloadResult   6: 64 op, 709072550.00 ns, 11.0793 ms/op
WorkloadResult   7: 64 op, 626626850.00 ns, 9.7910 ms/op
WorkloadResult   8: 64 op, 668472250.00 ns, 10.4449 ms/op
WorkloadResult   9: 64 op, 677045950.00 ns, 10.5788 ms/op
WorkloadResult  10: 64 op, 699044950.00 ns, 10.9226 ms/op
WorkloadResult  11: 64 op, 698482650.00 ns, 10.9138 ms/op
WorkloadResult  12: 64 op, 676498650.00 ns, 10.5703 ms/op
WorkloadResult  13: 64 op, 651349850.00 ns, 10.1773 ms/op
WorkloadResult  14: 64 op, 681921450.00 ns, 10.6550 ms/op
WorkloadResult  15: 64 op, 675973750.00 ns, 10.5621 ms/op
WorkloadResult  16: 64 op, 678771050.00 ns, 10.6058 ms/op
WorkloadResult  17: 64 op, 675211650.00 ns, 10.5502 ms/op
WorkloadResult  18: 64 op, 667954350.00 ns, 10.4368 ms/op
WorkloadResult  19: 64 op, 654117950.00 ns, 10.2206 ms/op
WorkloadResult  20: 64 op, 622372950.00 ns, 9.7246 ms/op
WorkloadResult  21: 64 op, 658385450.00 ns, 10.2873 ms/op
WorkloadResult  22: 64 op, 677720450.00 ns, 10.5894 ms/op
WorkloadResult  23: 64 op, 647501850.00 ns, 10.1172 ms/op
WorkloadResult  24: 64 op, 679530250.00 ns, 10.6177 ms/op
WorkloadResult  25: 64 op, 703779050.00 ns, 10.9965 ms/op
WorkloadResult  26: 64 op, 680014750.00 ns, 10.6252 ms/op
WorkloadResult  27: 64 op, 669983650.00 ns, 10.4685 ms/op
WorkloadResult  28: 64 op, 674497450.00 ns, 10.5390 ms/op
WorkloadResult  29: 64 op, 678356750.00 ns, 10.5993 ms/op
WorkloadResult  30: 64 op, 678622850.00 ns, 10.6035 ms/op
// GC:  0 0 0 40960 64
// Threading:  0 0 64

// AfterAll
// Benchmark Process 33900 has exited with code 0.

Mean = 10.534 ms, StdErr = 0.055 ms (0.52%), N = 30, StdDev = 0.302 ms
Min = 9.725 ms, Q1 = 10.451 ms, Median = 10.589 ms, Q3 = 10.648 ms, Max = 11.079 ms
IQR = 0.197 ms, LowerFence = 10.156 ms, UpperFence = 10.943 ms
ConfidenceInterval = [10.332 ms; 10.736 ms] (CI 99.9%), Margin = 0.202 ms (1.92% of Mean)
Skewness = -0.85, Kurtosis = 3.88, MValue = 2

// ** Remained 3 (25,0 %) benchmark(s) to run. Estimated finish 2026-01-04 15:48 (0h 1m from now) **
Setup power plan (GUID: 8c5e7fda-e8bf-4a96-9a85-a6e23a8c635c FriendlyName: Vysoký výkon)
// **************************
// Benchmark: MujBenchmark.Aproximace: DefaultJob [n=12]
// *** Execute ***
// Launch: 1 / 1
// Execute: C:\TOMÍK\8.M\Maturita\diessner_rocnikovaPrace\rpAproximace\rpAproximace\bin\Release\rpAproximace-DefaultJob-1.exe --anonymousPipes 2052 2076 --benchmarkName "rpAproximace.MujBenchmark.Aproximace(n: 12)" --job Default --benchmarkId 9 in 
// BeforeAnythingElse

// Benchmark Process Environment Information:
// BenchmarkDotNet v0.15.8
// Runtime=.NET Framework 4.8.1 (4.8.9221.0), X86 LegacyJIT
// GC=Concurrent Workstation
// HardwareIntrinsics= 
// Job: DefaultJob

OverheadJitting  1: 1 op, 221400.00 ns, 221.4000 us/op
WorkloadJitting  1: 1 op, 1728400.00 ns, 1.7284 ms/op

OverheadJitting  2: 16 op, 514000.00 ns, 32.1250 us/op
WorkloadJitting  2: 16 op, 547600.00 ns, 34.2250 us/op

WorkloadPilot    1: 16 op, 59500.00 ns, 3.7188 us/op
WorkloadPilot    2: 32 op, 98900.00 ns, 3.0906 us/op
WorkloadPilot    3: 64 op, 192400.00 ns, 3.0063 us/op
WorkloadPilot    4: 128 op, 408600.00 ns, 3.1922 us/op
WorkloadPilot    5: 256 op, 758400.00 ns, 2.9625 us/op
WorkloadPilot    6: 512 op, 1402700.00 ns, 2.7396 us/op
WorkloadPilot    7: 1024 op, 3301800.00 ns, 3.2244 us/op
WorkloadPilot    8: 2048 op, 5739900.00 ns, 2.8027 us/op
WorkloadPilot    9: 4096 op, 11387400.00 ns, 2.7801 us/op
WorkloadPilot   10: 8192 op, 20923300.00 ns, 2.5541 us/op
WorkloadPilot   11: 16384 op, 42168700.00 ns, 2.5738 us/op
WorkloadPilot   12: 32768 op, 82143000.00 ns, 2.5068 us/op
WorkloadPilot   13: 65536 op, 163327500.00 ns, 2.4922 us/op
WorkloadPilot   14: 131072 op, 317646900.00 ns, 2.4235 us/op
WorkloadPilot   15: 262144 op, 622500500.00 ns, 2.3747 us/op

OverheadWarmup   1: 262144 op, 1087200.00 ns, 4.1473 ns/op
OverheadWarmup   2: 262144 op, 1071900.00 ns, 4.0890 ns/op
OverheadWarmup   3: 262144 op, 1063800.00 ns, 4.0581 ns/op
OverheadWarmup   4: 262144 op, 1096400.00 ns, 4.1824 ns/op
OverheadWarmup   5: 262144 op, 1086000.00 ns, 4.1428 ns/op
OverheadWarmup   6: 262144 op, 1063700.00 ns, 4.0577 ns/op
OverheadWarmup   7: 262144 op, 1061200.00 ns, 4.0482 ns/op
OverheadWarmup   8: 262144 op, 1060500.00 ns, 4.0455 ns/op
OverheadWarmup   9: 262144 op, 1065500.00 ns, 4.0646 ns/op
OverheadWarmup  10: 262144 op, 1078000.00 ns, 4.1122 ns/op

OverheadActual   1: 262144 op, 1060400.00 ns, 4.0451 ns/op
OverheadActual   2: 262144 op, 1066400.00 ns, 4.0680 ns/op
OverheadActual   3: 262144 op, 1060400.00 ns, 4.0451 ns/op
OverheadActual   4: 262144 op, 1478900.00 ns, 5.6416 ns/op
OverheadActual   5: 262144 op, 1439400.00 ns, 5.4909 ns/op
OverheadActual   6: 262144 op, 1060800.00 ns, 4.0466 ns/op
OverheadActual   7: 262144 op, 1060300.00 ns, 4.0447 ns/op
OverheadActual   8: 262144 op, 1060300.00 ns, 4.0447 ns/op
OverheadActual   9: 262144 op, 1071900.00 ns, 4.0890 ns/op
OverheadActual  10: 262144 op, 1064900.00 ns, 4.0623 ns/op
OverheadActual  11: 262144 op, 1055500.00 ns, 4.0264 ns/op
OverheadActual  12: 262144 op, 1060400.00 ns, 4.0451 ns/op
OverheadActual  13: 262144 op, 1060400.00 ns, 4.0451 ns/op
OverheadActual  14: 262144 op, 1072000.00 ns, 4.0894 ns/op
OverheadActual  15: 262144 op, 1078200.00 ns, 4.1130 ns/op

WorkloadWarmup   1: 262144 op, 654598500.00 ns, 2.4971 us/op
WorkloadWarmup   2: 262144 op, 649479800.00 ns, 2.4776 us/op
WorkloadWarmup   3: 262144 op, 593060500.00 ns, 2.2623 us/op
WorkloadWarmup   4: 262144 op, 637546200.00 ns, 2.4320 us/op
WorkloadWarmup   5: 262144 op, 693082900.00 ns, 2.6439 us/op
WorkloadWarmup   6: 262144 op, 642321500.00 ns, 2.4503 us/op
WorkloadWarmup   7: 262144 op, 625501100.00 ns, 2.3861 us/op
WorkloadWarmup   8: 262144 op, 645137500.00 ns, 2.4610 us/op
WorkloadWarmup   9: 262144 op, 614860900.00 ns, 2.3455 us/op

// BeforeActualRun
WorkloadActual   1: 262144 op, 643734900.00 ns, 2.4557 us/op
WorkloadActual   2: 262144 op, 589782000.00 ns, 2.2498 us/op
WorkloadActual   3: 262144 op, 613120500.00 ns, 2.3389 us/op
WorkloadActual   4: 262144 op, 641751100.00 ns, 2.4481 us/op
WorkloadActual   5: 262144 op, 626292200.00 ns, 2.3891 us/op
WorkloadActual   6: 262144 op, 634743500.00 ns, 2.4214 us/op
WorkloadActual   7: 262144 op, 618344100.00 ns, 2.3588 us/op
WorkloadActual   8: 262144 op, 587028800.00 ns, 2.2393 us/op
WorkloadActual   9: 262144 op, 616026000.00 ns, 2.3500 us/op
WorkloadActual  10: 262144 op, 611500800.00 ns, 2.3327 us/op
WorkloadActual  11: 262144 op, 623139000.00 ns, 2.3771 us/op
WorkloadActual  12: 262144 op, 631674200.00 ns, 2.4096 us/op
WorkloadActual  13: 262144 op, 619400900.00 ns, 2.3628 us/op
WorkloadActual  14: 262144 op, 646765800.00 ns, 2.4672 us/op
WorkloadActual  15: 262144 op, 618908700.00 ns, 2.3609 us/op
WorkloadActual  16: 262144 op, 610274900.00 ns, 2.3280 us/op
WorkloadActual  17: 262144 op, 641029500.00 ns, 2.4453 us/op
WorkloadActual  18: 262144 op, 643419200.00 ns, 2.4544 us/op
WorkloadActual  19: 262144 op, 613554400.00 ns, 2.3405 us/op
WorkloadActual  20: 262144 op, 517156300.00 ns, 1.9728 us/op
WorkloadActual  21: 262144 op, 642014700.00 ns, 2.4491 us/op
WorkloadActual  22: 262144 op, 638809100.00 ns, 2.4369 us/op
WorkloadActual  23: 262144 op, 635122000.00 ns, 2.4228 us/op
WorkloadActual  24: 262144 op, 650780800.00 ns, 2.4825 us/op
WorkloadActual  25: 262144 op, 640469700.00 ns, 2.4432 us/op
WorkloadActual  26: 262144 op, 638491300.00 ns, 2.4357 us/op
WorkloadActual  27: 262144 op, 671692900.00 ns, 2.5623 us/op
WorkloadActual  28: 262144 op, 678260400.00 ns, 2.5874 us/op
WorkloadActual  29: 262144 op, 653655400.00 ns, 2.4935 us/op
WorkloadActual  30: 262144 op, 643386400.00 ns, 2.4543 us/op
WorkloadActual  31: 262144 op, 643241400.00 ns, 2.4538 us/op
WorkloadActual  32: 262144 op, 631046000.00 ns, 2.4072 us/op
WorkloadActual  33: 262144 op, 599731500.00 ns, 2.2878 us/op
WorkloadActual  34: 262144 op, 637355800.00 ns, 2.4313 us/op
WorkloadActual  35: 262144 op, 642549000.00 ns, 2.4511 us/op
WorkloadActual  36: 262144 op, 641122300.00 ns, 2.4457 us/op
WorkloadActual  37: 262144 op, 642625800.00 ns, 2.4514 us/op
WorkloadActual  38: 262144 op, 628431600.00 ns, 2.3973 us/op
WorkloadActual  39: 262144 op, 628908600.00 ns, 2.3991 us/op
WorkloadActual  40: 262144 op, 635563900.00 ns, 2.4245 us/op
WorkloadActual  41: 262144 op, 616017600.00 ns, 2.3499 us/op
WorkloadActual  42: 262144 op, 620735000.00 ns, 2.3679 us/op
WorkloadActual  43: 262144 op, 650612000.00 ns, 2.4819 us/op
WorkloadActual  44: 262144 op, 716813800.00 ns, 2.7344 us/op
WorkloadActual  45: 262144 op, 641712100.00 ns, 2.4479 us/op
WorkloadActual  46: 262144 op, 633748600.00 ns, 2.4176 us/op
WorkloadActual  47: 262144 op, 643272600.00 ns, 2.4539 us/op
WorkloadActual  48: 262144 op, 642763900.00 ns, 2.4519 us/op

// AfterActualRun
WorkloadResult   1: 262144 op, 642674100.00 ns, 2.4516 us/op
WorkloadResult   2: 262144 op, 588721200.00 ns, 2.2458 us/op
WorkloadResult   3: 262144 op, 612059700.00 ns, 2.3348 us/op
WorkloadResult   4: 262144 op, 640690300.00 ns, 2.4440 us/op
WorkloadResult   5: 262144 op, 625231400.00 ns, 2.3851 us/op
WorkloadResult   6: 262144 op, 633682700.00 ns, 2.4173 us/op
WorkloadResult   7: 262144 op, 617283300.00 ns, 2.3547 us/op
WorkloadResult   8: 262144 op, 585968000.00 ns, 2.2353 us/op
WorkloadResult   9: 262144 op, 614965200.00 ns, 2.3459 us/op
WorkloadResult  10: 262144 op, 610440000.00 ns, 2.3286 us/op
WorkloadResult  11: 262144 op, 622078200.00 ns, 2.3730 us/op
WorkloadResult  12: 262144 op, 630613400.00 ns, 2.4056 us/op
WorkloadResult  13: 262144 op, 618340100.00 ns, 2.3588 us/op
WorkloadResult  14: 262144 op, 645705000.00 ns, 2.4632 us/op
WorkloadResult  15: 262144 op, 617847900.00 ns, 2.3569 us/op
WorkloadResult  16: 262144 op, 609214100.00 ns, 2.3240 us/op
WorkloadResult  17: 262144 op, 639968700.00 ns, 2.4413 us/op
WorkloadResult  18: 262144 op, 642358400.00 ns, 2.4504 us/op
WorkloadResult  19: 262144 op, 612493600.00 ns, 2.3365 us/op
WorkloadResult  20: 262144 op, 516095500.00 ns, 1.9687 us/op
WorkloadResult  21: 262144 op, 640953900.00 ns, 2.4450 us/op
WorkloadResult  22: 262144 op, 637748300.00 ns, 2.4328 us/op
WorkloadResult  23: 262144 op, 634061200.00 ns, 2.4188 us/op
WorkloadResult  24: 262144 op, 649720000.00 ns, 2.4785 us/op
WorkloadResult  25: 262144 op, 639408900.00 ns, 2.4392 us/op
WorkloadResult  26: 262144 op, 637430500.00 ns, 2.4316 us/op
WorkloadResult  27: 262144 op, 670632100.00 ns, 2.5583 us/op
WorkloadResult  28: 262144 op, 677199600.00 ns, 2.5833 us/op
WorkloadResult  29: 262144 op, 652594600.00 ns, 2.4895 us/op
WorkloadResult  30: 262144 op, 642325600.00 ns, 2.4503 us/op
WorkloadResult  31: 262144 op, 642180600.00 ns, 2.4497 us/op
WorkloadResult  32: 262144 op, 629985200.00 ns, 2.4032 us/op
WorkloadResult  33: 262144 op, 598670700.00 ns, 2.2837 us/op
WorkloadResult  34: 262144 op, 636295000.00 ns, 2.4273 us/op
WorkloadResult  35: 262144 op, 641488200.00 ns, 2.4471 us/op
WorkloadResult  36: 262144 op, 640061500.00 ns, 2.4416 us/op
WorkloadResult  37: 262144 op, 641565000.00 ns, 2.4474 us/op
WorkloadResult  38: 262144 op, 627370800.00 ns, 2.3932 us/op
WorkloadResult  39: 262144 op, 627847800.00 ns, 2.3950 us/op
WorkloadResult  40: 262144 op, 634503100.00 ns, 2.4204 us/op
WorkloadResult  41: 262144 op, 614956800.00 ns, 2.3459 us/op
WorkloadResult  42: 262144 op, 619674200.00 ns, 2.3639 us/op
WorkloadResult  43: 262144 op, 649551200.00 ns, 2.4778 us/op
WorkloadResult  44: 262144 op, 640651300.00 ns, 2.4439 us/op
WorkloadResult  45: 262144 op, 632687800.00 ns, 2.4135 us/op
WorkloadResult  46: 262144 op, 642211800.00 ns, 2.4498 us/op
WorkloadResult  47: 262144 op, 641703100.00 ns, 2.4479 us/op
// GC:  79 0 0 416895552 262144
// Threading:  0 0 262144

// AfterAll
// Benchmark Process 25188 has exited with code 0.

Mean = 2.400 μs, StdErr = 0.014 μs (0.57%), N = 47, StdDev = 0.093 μs
Min = 1.969 μs, Q1 = 2.358 μs, Median = 2.420 μs, Q3 = 2.448 μs, Max = 2.583 μs
IQR = 0.090 μs, LowerFence = 2.223 μs, UpperFence = 2.582 μs
ConfidenceInterval = [2.352 μs; 2.448 μs] (CI 99.9%), Margin = 0.048 μs (1.99% of Mean)
Skewness = -2.05, Kurtosis = 10.71, MValue = 2.08

// ** Remained 2 (16,7 %) benchmark(s) to run. Estimated finish 2026-01-04 15:48 (0h 1m from now) **
Setup power plan (GUID: 8c5e7fda-e8bf-4a96-9a85-a6e23a8c635c FriendlyName: Vysoký výkon)
// **************************
// Benchmark: MujBenchmark.HeldKarp: DefaultJob [n=12]
// *** Execute ***
// Launch: 1 / 1
// Execute: C:\TOMÍK\8.M\Maturita\diessner_rocnikovaPrace\rpAproximace\rpAproximace\bin\Release\rpAproximace-DefaultJob-1.exe --anonymousPipes 2064 2196 --benchmarkName "rpAproximace.MujBenchmark.HeldKarp(n: 12)" --job Default --benchmarkId 10 in 
// BeforeAnythingElse

// Benchmark Process Environment Information:
// BenchmarkDotNet v0.15.8
// Runtime=.NET Framework 4.8.1 (4.8.9221.0), X86 LegacyJIT
// GC=Concurrent Workstation
// HardwareIntrinsics= 
// Job: DefaultJob

OverheadJitting  1: 1 op, 234300.00 ns, 234.3000 us/op
WorkloadJitting  1: 1 op, 2640800.00 ns, 2.6408 ms/op

OverheadJitting  2: 16 op, 503600.00 ns, 31.4750 us/op
WorkloadJitting  2: 16 op, 21187000.00 ns, 1.3242 ms/op

WorkloadPilot    1: 16 op, 20921100.00 ns, 1.3076 ms/op
WorkloadPilot    2: 32 op, 42896000.00 ns, 1.3405 ms/op
WorkloadPilot    3: 64 op, 84232500.00 ns, 1.3161 ms/op
WorkloadPilot    4: 128 op, 168166800.00 ns, 1.3138 ms/op
WorkloadPilot    5: 256 op, 338600400.00 ns, 1.3227 ms/op
WorkloadPilot    6: 512 op, 677212300.00 ns, 1.3227 ms/op

OverheadWarmup   1: 512 op, 6600.00 ns, 12.8906 ns/op
OverheadWarmup   2: 512 op, 2500.00 ns, 4.8828 ns/op
OverheadWarmup   3: 512 op, 2500.00 ns, 4.8828 ns/op
OverheadWarmup   4: 512 op, 2400.00 ns, 4.6875 ns/op
OverheadWarmup   5: 512 op, 2500.00 ns, 4.8828 ns/op
OverheadWarmup   6: 512 op, 2400.00 ns, 4.6875 ns/op

OverheadActual   1: 512 op, 2500.00 ns, 4.8828 ns/op
OverheadActual   2: 512 op, 2900.00 ns, 5.6641 ns/op
OverheadActual   3: 512 op, 2600.00 ns, 5.0781 ns/op
OverheadActual   4: 512 op, 2500.00 ns, 4.8828 ns/op
OverheadActual   5: 512 op, 2500.00 ns, 4.8828 ns/op
OverheadActual   6: 512 op, 2500.00 ns, 4.8828 ns/op
OverheadActual   7: 512 op, 2400.00 ns, 4.6875 ns/op
OverheadActual   8: 512 op, 2400.00 ns, 4.6875 ns/op
OverheadActual   9: 512 op, 2400.00 ns, 4.6875 ns/op
OverheadActual  10: 512 op, 2400.00 ns, 4.6875 ns/op
OverheadActual  11: 512 op, 2300.00 ns, 4.4922 ns/op
OverheadActual  12: 512 op, 2300.00 ns, 4.4922 ns/op
OverheadActual  13: 512 op, 2400.00 ns, 4.6875 ns/op
OverheadActual  14: 512 op, 2600.00 ns, 5.0781 ns/op
OverheadActual  15: 512 op, 2600.00 ns, 5.0781 ns/op

WorkloadWarmup   1: 512 op, 544925700.00 ns, 1.0643 ms/op
WorkloadWarmup   2: 512 op, 601637300.00 ns, 1.1751 ms/op
WorkloadWarmup   3: 512 op, 628401000.00 ns, 1.2273 ms/op
WorkloadWarmup   4: 512 op, 655700800.00 ns, 1.2807 ms/op
WorkloadWarmup   5: 512 op, 635857300.00 ns, 1.2419 ms/op
WorkloadWarmup   6: 512 op, 658446900.00 ns, 1.2860 ms/op
WorkloadWarmup   7: 512 op, 671313800.00 ns, 1.3112 ms/op
WorkloadWarmup   8: 512 op, 664181100.00 ns, 1.2972 ms/op

// BeforeActualRun
WorkloadActual   1: 512 op, 669184800.00 ns, 1.3070 ms/op
WorkloadActual   2: 512 op, 671057000.00 ns, 1.3107 ms/op
WorkloadActual   3: 512 op, 670038900.00 ns, 1.3087 ms/op
WorkloadActual   4: 512 op, 667839600.00 ns, 1.3044 ms/op
WorkloadActual   5: 512 op, 668312600.00 ns, 1.3053 ms/op
WorkloadActual   6: 512 op, 675232700.00 ns, 1.3188 ms/op
WorkloadActual   7: 512 op, 669474900.00 ns, 1.3076 ms/op
WorkloadActual   8: 512 op, 671674400.00 ns, 1.3119 ms/op
WorkloadActual   9: 512 op, 643159300.00 ns, 1.2562 ms/op
WorkloadActual  10: 512 op, 667019100.00 ns, 1.3028 ms/op
WorkloadActual  11: 512 op, 669149200.00 ns, 1.3069 ms/op
WorkloadActual  12: 512 op, 658681000.00 ns, 1.2865 ms/op
WorkloadActual  13: 512 op, 669459100.00 ns, 1.3075 ms/op
WorkloadActual  14: 512 op, 674133500.00 ns, 1.3167 ms/op
WorkloadActual  15: 512 op, 662282900.00 ns, 1.2935 ms/op

// AfterActualRun
WorkloadResult   1: 512 op, 669182300.00 ns, 1.3070 ms/op
WorkloadResult   2: 512 op, 671054500.00 ns, 1.3107 ms/op
WorkloadResult   3: 512 op, 670036400.00 ns, 1.3087 ms/op
WorkloadResult   4: 512 op, 667837100.00 ns, 1.3044 ms/op
WorkloadResult   5: 512 op, 668310100.00 ns, 1.3053 ms/op
WorkloadResult   6: 512 op, 669472400.00 ns, 1.3076 ms/op
WorkloadResult   7: 512 op, 671671900.00 ns, 1.3119 ms/op
WorkloadResult   8: 512 op, 643156800.00 ns, 1.2562 ms/op
WorkloadResult   9: 512 op, 667016600.00 ns, 1.3028 ms/op
WorkloadResult  10: 512 op, 669146700.00 ns, 1.3069 ms/op
WorkloadResult  11: 512 op, 658678500.00 ns, 1.2865 ms/op
WorkloadResult  12: 512 op, 669456600.00 ns, 1.3075 ms/op
WorkloadResult  13: 512 op, 674131000.00 ns, 1.3167 ms/op
WorkloadResult  14: 512 op, 662280400.00 ns, 1.2935 ms/op
// GC:  63 63 63 201875456 512
// Threading:  0 0 512

// AfterAll
// Benchmark Process 26224 has exited with code 0.

Mean = 1.302 ms, StdErr = 0.004 ms (0.31%), N = 14, StdDev = 0.015 ms
Min = 1.256 ms, Q1 = 1.303 ms, Median = 1.307 ms, Q3 = 1.308 ms, Max = 1.317 ms
IQR = 0.005 ms, LowerFence = 1.295 ms, UpperFence = 1.316 ms
ConfidenceInterval = [1.285 ms; 1.319 ms] (CI 99.9%), Margin = 0.017 ms (1.31% of Mean)
Skewness = -1.93, Kurtosis = 6.11, MValue = 2

// ** Remained 1 (8,3 %) benchmark(s) to run. Estimated finish 2026-01-04 15:48 (0h 0m from now) **
Setup power plan (GUID: 8c5e7fda-e8bf-4a96-9a85-a6e23a8c635c FriendlyName: Vysoký výkon)
// **************************
// Benchmark: MujBenchmark.HrubaSila: DefaultJob [n=12]
// *** Execute ***
// Launch: 1 / 1
// Execute: C:\TOMÍK\8.M\Maturita\diessner_rocnikovaPrace\rpAproximace\rpAproximace\bin\Release\rpAproximace-DefaultJob-1.exe --anonymousPipes 2308 2264 --benchmarkName "rpAproximace.MujBenchmark.HrubaSila(n: 12)" --job Default --benchmarkId 11 in 
// BeforeAnythingElse

// Benchmark Process Environment Information:
// BenchmarkDotNet v0.15.8
// Runtime=.NET Framework 4.8.1 (4.8.9221.0), X86 LegacyJIT
// GC=Concurrent Workstation
// HardwareIntrinsics= 
// Job: DefaultJob

OverheadJitting  1: 1 op, 250000.00 ns, 250.0000 us/op
WorkloadJitting  1: 1 op, 1316700900.00 ns, 1.3167 s/op

OverheadJitting  2: 1 op, 3900.00 ns, 3.9000 us/op
WorkloadJitting  2: 1 op, 1225148200.00 ns, 1.2251 s/op

WorkloadWarmup   1: 1 op, 1289641200.00 ns, 1.2896 s/op
WorkloadWarmup   2: 1 op, 1267421200.00 ns, 1.2674 s/op
WorkloadWarmup   3: 1 op, 1262852900.00 ns, 1.2629 s/op
WorkloadWarmup   4: 1 op, 1273662800.00 ns, 1.2737 s/op
WorkloadWarmup   5: 1 op, 1281918700.00 ns, 1.2819 s/op
WorkloadWarmup   6: 1 op, 1319384100.00 ns, 1.3194 s/op
WorkloadWarmup   7: 1 op, 1292009400.00 ns, 1.2920 s/op
WorkloadWarmup   8: 1 op, 1289503800.00 ns, 1.2895 s/op
WorkloadWarmup   9: 1 op, 1288295900.00 ns, 1.2883 s/op
WorkloadWarmup  10: 1 op, 1274634900.00 ns, 1.2746 s/op
WorkloadWarmup  11: 1 op, 1263080400.00 ns, 1.2631 s/op
WorkloadWarmup  12: 1 op, 1280487700.00 ns, 1.2805 s/op
WorkloadWarmup  13: 1 op, 1280560300.00 ns, 1.2806 s/op
WorkloadWarmup  14: 1 op, 1267360700.00 ns, 1.2674 s/op

// BeforeActualRun
WorkloadActual   1: 1 op, 1280065400.00 ns, 1.2801 s/op
WorkloadActual   2: 1 op, 1290456100.00 ns, 1.2905 s/op
WorkloadActual   3: 1 op, 1288168200.00 ns, 1.2882 s/op
WorkloadActual   4: 1 op, 1288272600.00 ns, 1.2883 s/op
WorkloadActual   5: 1 op, 1283133900.00 ns, 1.2831 s/op
WorkloadActual   6: 1 op, 1259867400.00 ns, 1.2599 s/op
WorkloadActual   7: 1 op, 1265806000.00 ns, 1.2658 s/op
WorkloadActual   8: 1 op, 1238531000.00 ns, 1.2385 s/op
WorkloadActual   9: 1 op, 1280357100.00 ns, 1.2804 s/op
WorkloadActual  10: 1 op, 1293845800.00 ns, 1.2938 s/op
WorkloadActual  11: 1 op, 1285654100.00 ns, 1.2857 s/op
WorkloadActual  12: 1 op, 1291586900.00 ns, 1.2916 s/op
WorkloadActual  13: 1 op, 1292657200.00 ns, 1.2927 s/op
WorkloadActual  14: 1 op, 1258889400.00 ns, 1.2589 s/op
WorkloadActual  15: 1 op, 1307575600.00 ns, 1.3076 s/op

// AfterActualRun
WorkloadResult   1: 1 op, 1280065400.00 ns, 1.2801 s/op
WorkloadResult   2: 1 op, 1290456100.00 ns, 1.2905 s/op
WorkloadResult   3: 1 op, 1288168200.00 ns, 1.2882 s/op
WorkloadResult   4: 1 op, 1288272600.00 ns, 1.2883 s/op
WorkloadResult   5: 1 op, 1283133900.00 ns, 1.2831 s/op
WorkloadResult   6: 1 op, 1259867400.00 ns, 1.2599 s/op
WorkloadResult   7: 1 op, 1265806000.00 ns, 1.2658 s/op
WorkloadResult   8: 1 op, 1238531000.00 ns, 1.2385 s/op
WorkloadResult   9: 1 op, 1280357100.00 ns, 1.2804 s/op
WorkloadResult  10: 1 op, 1293845800.00 ns, 1.2938 s/op
WorkloadResult  11: 1 op, 1285654100.00 ns, 1.2857 s/op
WorkloadResult  12: 1 op, 1291586900.00 ns, 1.2916 s/op
WorkloadResult  13: 1 op, 1292657200.00 ns, 1.2927 s/op
WorkloadResult  14: 1 op, 1258889400.00 ns, 1.2589 s/op
WorkloadResult  15: 1 op, 1307575600.00 ns, 1.3076 s/op
// GC:  0 0 0 0 1
// Threading:  0 0 1

// AfterAll
// Benchmark Process 33240 has exited with code 0.

Mean = 1.280 s, StdErr = 0.005 s (0.35%), N = 15, StdDev = 0.018 s
Min = 1.239 s, Q1 = 1.273 s, Median = 1.286 s, Q3 = 1.291 s, Max = 1.308 s
IQR = 0.018 s, LowerFence = 1.246 s, UpperFence = 1.318 s
ConfidenceInterval = [1.262 s; 1.299 s] (CI 99.9%), Margin = 0.019 s (1.46% of Mean)
Skewness = -0.82, Kurtosis = 2.91, MValue = 2

// ** Remained 0 (0,0 %) benchmark(s) to run. Estimated finish 2026-01-04 15:48 (0h 0m from now) **
Successfully reverted power plan (GUID: 381b4222-f694-41f0-9685-ff5bb260df2e FriendlyName: Rovnováha)
// ***** BenchmarkRunner: Finish  *****

// * Export *
  BenchmarkDotNet.Artifacts\results\rpAproximace.MujBenchmark-report.csv
  BenchmarkDotNet.Artifacts\results\rpAproximace.MujBenchmark-report-github.md
  BenchmarkDotNet.Artifacts\results\rpAproximace.MujBenchmark-report.html

// * Detailed results *
MujBenchmark.Aproximace: DefaultJob [n=5]
Runtime = .NET Framework 4.8.1 (4.8.9221.0), X86 LegacyJIT; GC = Concurrent Workstation
Mean = 930.357 ns, StdErr = 5.388 ns (0.58%), N = 63, StdDev = 42.763 ns
Min = 679.058 ns, Q1 = 915.330 ns, Median = 937.138 ns, Q3 = 954.594 ns, Max = 1,018.183 ns
IQR = 39.264 ns, LowerFence = 856.435 ns, UpperFence = 1,013.489 ns
ConfidenceInterval = [911.746 ns; 948.968 ns] (CI 99.9%), Margin = 18.611 ns (2.00% of Mean)
Skewness = -3.16, Kurtosis = 19.62, MValue = 2
-------------------- Histogram --------------------
[  664.953 ns ;   693.164 ns) | @
[  693.164 ns ;   721.374 ns) | 
[  721.374 ns ;   749.585 ns) | 
[  749.585 ns ;   777.796 ns) | 
[  777.796 ns ;   806.006 ns) | 
[  806.006 ns ;   837.390 ns) | 
[  837.390 ns ;   867.813 ns) | @
[  867.813 ns ;   895.404 ns) | @@@
[  895.404 ns ;   923.615 ns) | @@@@@@@@@@@@@@@@@
[  923.615 ns ;   957.584 ns) | @@@@@@@@@@@@@@@@@@@@@@@@@@@@@
[  957.584 ns ;   982.025 ns) | @@@@@@@@@@@
[  982.025 ns ; 1,004.077 ns) | 
[1,004.077 ns ; 1,032.288 ns) | @
---------------------------------------------------

MujBenchmark.HeldKarp: DefaultJob [n=5]
Runtime = .NET Framework 4.8.1 (4.8.9221.0), X86 LegacyJIT; GC = Concurrent Workstation
Mean = 1.658 μs, StdErr = 0.009 μs (0.54%), N = 34, StdDev = 0.053 μs
Min = 1.427 μs, Q1 = 1.658 μs, Median = 1.673 μs, Q3 = 1.680 μs, Max = 1.715 μs
IQR = 0.023 μs, LowerFence = 1.624 μs, UpperFence = 1.714 μs
ConfidenceInterval = [1.626 μs; 1.691 μs] (CI 99.9%), Margin = 0.033 μs (1.97% of Mean)
Skewness = -2.64, Kurtosis = 11.47, MValue = 2
-------------------- Histogram --------------------
[1.406 μs ; 1.448 μs) | @
[1.448 μs ; 1.491 μs) | 
[1.491 μs ; 1.534 μs) | 
[1.534 μs ; 1.568 μs) | 
[1.568 μs ; 1.611 μs) | @@@@
[1.611 μs ; 1.685 μs) | @@@@@@@@@@@@@@@@@@@@@@@@
[1.685 μs ; 1.728 μs) | @@@@@
---------------------------------------------------

MujBenchmark.HrubaSila: DefaultJob [n=5]
Runtime = .NET Framework 4.8.1 (4.8.9221.0), X86 LegacyJIT; GC = Concurrent Workstation
Mean = 1.053 μs, StdErr = 0.005 μs (0.52%), N = 26, StdDev = 0.028 μs
Min = 0.969 μs, Q1 = 1.054 μs, Median = 1.062 μs, Q3 = 1.067 μs, Max = 1.079 μs
IQR = 0.013 μs, LowerFence = 1.035 μs, UpperFence = 1.086 μs
ConfidenceInterval = [1.033 μs; 1.074 μs] (CI 99.9%), Margin = 0.020 μs (1.93% of Mean)
Skewness = -2.06, Kurtosis = 6.38, MValue = 2
-------------------- Histogram --------------------
[0.957 μs ; 0.982 μs) | @@
[0.982 μs ; 1.010 μs) | 
[1.010 μs ; 1.051 μs) | @@
[1.051 μs ; 1.092 μs) | @@@@@@@@@@@@@@@@@@@@@@
---------------------------------------------------

MujBenchmark.Aproximace: DefaultJob [n=7]
Runtime = .NET Framework 4.8.1 (4.8.9221.0), X86 LegacyJIT; GC = Concurrent Workstation
Mean = 1.290 μs, StdErr = 0.007 μs (0.52%), N = 26, StdDev = 0.034 μs
Min = 1.182 μs, Q1 = 1.275 μs, Median = 1.297 μs, Q3 = 1.310 μs, Max = 1.348 μs
IQR = 0.034 μs, LowerFence = 1.224 μs, UpperFence = 1.361 μs
ConfidenceInterval = [1.265 μs; 1.315 μs] (CI 99.9%), Margin = 0.025 μs (1.94% of Mean)
Skewness = -1.28, Kurtosis = 5.11, MValue = 2
-------------------- Histogram --------------------
[1.167 μs ; 1.197 μs) | @
[1.197 μs ; 1.234 μs) | @
[1.234 μs ; 1.289 μs) | @@@@@@@
[1.289 μs ; 1.320 μs) | @@@@@@@@@@@@@@@
[1.320 μs ; 1.356 μs) | @@
---------------------------------------------------

MujBenchmark.HeldKarp: DefaultJob [n=7]
Runtime = .NET Framework 4.8.1 (4.8.9221.0), X86 LegacyJIT; GC = Concurrent Workstation
Mean = 7.565 μs, StdErr = 0.042 μs (0.55%), N = 38, StdDev = 0.257 μs
Min = 6.905 μs, Q1 = 7.362 μs, Median = 7.647 μs, Q3 = 7.707 μs, Max = 8.194 μs
IQR = 0.345 μs, LowerFence = 6.844 μs, UpperFence = 8.224 μs
ConfidenceInterval = [7.416 μs; 7.714 μs] (CI 99.9%), Margin = 0.149 μs (1.97% of Mean)
Skewness = -0.29, Kurtosis = 3.05, MValue = 2.74
-------------------- Histogram --------------------
[6.804 μs ; 7.005 μs) | @
[7.005 μs ; 7.162 μs) | @
[7.162 μs ; 7.362 μs) | @@@@@@@@@
[7.362 μs ; 7.538 μs) | @@
[7.538 μs ; 7.739 μs) | @@@@@@@@@@@@@@@@@@@
[7.739 μs ; 7.956 μs) | @@@@@
[7.956 μs ; 8.295 μs) | @
---------------------------------------------------

MujBenchmark.HrubaSila: DefaultJob [n=7]
Runtime = .NET Framework 4.8.1 (4.8.9221.0), X86 LegacyJIT; GC = Concurrent Workstation
Mean = 18.183 μs, StdErr = 0.103 μs (0.57%), N = 44, StdDev = 0.682 μs
Min = 15.354 μs, Q1 = 17.924 μs, Median = 18.380 μs, Q3 = 18.636 μs, Max = 19.149 μs
IQR = 0.711 μs, LowerFence = 16.858 μs, UpperFence = 19.702 μs
ConfidenceInterval = [17.820 μs; 18.546 μs] (CI 99.9%), Margin = 0.363 μs (2.00% of Mean)
Skewness = -1.97, Kurtosis = 8.03, MValue = 2
-------------------- Histogram --------------------
[15.100 μs ; 15.607 μs) | @
[15.607 μs ; 16.114 μs) | 
[16.114 μs ; 16.518 μs) | 
[16.518 μs ; 17.192 μs) | @@
[17.192 μs ; 17.727 μs) | @@@
[17.727 μs ; 18.259 μs) | @@@@@@@@@@@@
[18.259 μs ; 18.895 μs) | @@@@@@@@@@@@@@@@@@@@@@@@@
[18.895 μs ; 19.402 μs) | @
---------------------------------------------------

MujBenchmark.Aproximace: DefaultJob [n=10]
Runtime = .NET Framework 4.8.1 (4.8.9221.0), X86 LegacyJIT; GC = Concurrent Workstation
Mean = 1.945 μs, StdErr = 0.010 μs (0.53%), N = 25, StdDev = 0.052 μs
Min = 1.817 μs, Q1 = 1.950 μs, Median = 1.959 μs, Q3 = 1.975 μs, Max = 2.007 μs
IQR = 0.026 μs, LowerFence = 1.911 μs, UpperFence = 2.013 μs
ConfidenceInterval = [1.906 μs; 1.984 μs] (CI 99.9%), Margin = 0.039 μs (2.00% of Mean)
Skewness = -1.26, Kurtosis = 3.41, MValue = 2
-------------------- Histogram --------------------
[1.810 μs ; 1.856 μs) | @@@
[1.856 μs ; 1.920 μs) | @@@
[1.920 μs ; 2.030 μs) | @@@@@@@@@@@@@@@@@@@
---------------------------------------------------

MujBenchmark.HeldKarp: DefaultJob [n=10]
Runtime = .NET Framework 4.8.1 (4.8.9221.0), X86 LegacyJIT; GC = Concurrent Workstation
Mean = 190.643 μs, StdErr = 0.932 μs (0.49%), N = 17, StdDev = 3.841 μs
Min = 178.776 μs, Q1 = 189.845 μs, Median = 192.044 μs, Q3 = 193.007 μs, Max = 193.576 μs
IQR = 3.162 μs, LowerFence = 185.102 μs, UpperFence = 197.750 μs
ConfidenceInterval = [186.903 μs; 194.383 μs] (CI 99.9%), Margin = 3.740 μs (1.96% of Mean)
Skewness = -1.82, Kurtosis = 5.67, MValue = 2
-------------------- Histogram --------------------
[176.816 μs ; 180.737 μs) | @
[180.737 μs ; 185.350 μs) | 
[185.350 μs ; 189.750 μs) | @@@
[189.750 μs ; 193.671 μs) | @@@@@@@@@@@@@
---------------------------------------------------

MujBenchmark.HrubaSila: DefaultJob [n=10]
Runtime = .NET Framework 4.8.1 (4.8.9221.0), X86 LegacyJIT; GC = Concurrent Workstation
Mean = 10.534 ms, StdErr = 0.055 ms (0.52%), N = 30, StdDev = 0.302 ms
Min = 9.725 ms, Q1 = 10.451 ms, Median = 10.589 ms, Q3 = 10.648 ms, Max = 11.079 ms
IQR = 0.197 ms, LowerFence = 10.156 ms, UpperFence = 10.943 ms
ConfidenceInterval = [10.332 ms; 10.736 ms] (CI 99.9%), Margin = 0.202 ms (1.92% of Mean)
Skewness = -0.85, Kurtosis = 3.88, MValue = 2
-------------------- Histogram --------------------
[ 9.630 ms ; 10.074 ms) | @@
[10.074 ms ; 10.330 ms) | @@@@
[10.330 ms ; 10.679 ms) | @@@@@@@@@@@@@@@@@@
[10.679 ms ; 11.124 ms) | @@@@@@
---------------------------------------------------

MujBenchmark.Aproximace: DefaultJob [n=12]
Runtime = .NET Framework 4.8.1 (4.8.9221.0), X86 LegacyJIT; GC = Concurrent Workstation
Mean = 2.400 μs, StdErr = 0.014 μs (0.57%), N = 47, StdDev = 0.093 μs
Min = 1.969 μs, Q1 = 2.358 μs, Median = 2.420 μs, Q3 = 2.448 μs, Max = 2.583 μs
IQR = 0.090 μs, LowerFence = 2.223 μs, UpperFence = 2.582 μs
ConfidenceInterval = [2.352 μs; 2.448 μs] (CI 99.9%), Margin = 0.048 μs (1.99% of Mean)
Skewness = -2.05, Kurtosis = 10.71, MValue = 2.08
-------------------- Histogram --------------------
[1.935 μs ; 2.003 μs) | @
[2.003 μs ; 2.071 μs) | 
[2.071 μs ; 2.138 μs) | 
[2.138 μs ; 2.206 μs) | 
[2.206 μs ; 2.293 μs) | @@@
[2.293 μs ; 2.384 μs) | @@@@@@@@@@@
[2.384 μs ; 2.452 μs) | @@@@@@@@@@@@@@@@@@@@@@@@@@
[2.452 μs ; 2.537 μs) | @@@@
[2.537 μs ; 2.617 μs) | @@
---------------------------------------------------

MujBenchmark.HeldKarp: DefaultJob [n=12]
Runtime = .NET Framework 4.8.1 (4.8.9221.0), X86 LegacyJIT; GC = Concurrent Workstation
Mean = 1.302 ms, StdErr = 0.004 ms (0.31%), N = 14, StdDev = 0.015 ms
Min = 1.256 ms, Q1 = 1.303 ms, Median = 1.307 ms, Q3 = 1.308 ms, Max = 1.317 ms
IQR = 0.005 ms, LowerFence = 1.295 ms, UpperFence = 1.316 ms
ConfidenceInterval = [1.285 ms; 1.319 ms] (CI 99.9%), Margin = 0.017 ms (1.31% of Mean)
Skewness = -1.93, Kurtosis = 6.11, MValue = 2
-------------------- Histogram --------------------
[1.248 ms ; 1.277 ms) | @
[1.277 ms ; 1.323 ms) | @@@@@@@@@@@@@
---------------------------------------------------

MujBenchmark.HrubaSila: DefaultJob [n=12]
Runtime = .NET Framework 4.8.1 (4.8.9221.0), X86 LegacyJIT; GC = Concurrent Workstation
Mean = 1.280 s, StdErr = 0.005 s (0.35%), N = 15, StdDev = 0.018 s
Min = 1.239 s, Q1 = 1.273 s, Median = 1.286 s, Q3 = 1.291 s, Max = 1.308 s
IQR = 0.018 s, LowerFence = 1.246 s, UpperFence = 1.318 s
ConfidenceInterval = [1.262 s; 1.299 s] (CI 99.9%), Margin = 0.019 s (1.46% of Mean)
Skewness = -0.82, Kurtosis = 2.91, MValue = 2
-------------------- Histogram --------------------
[1.229 s ; 1.274 s) | @@@@
[1.274 s ; 1.317 s) | @@@@@@@@@@@
---------------------------------------------------

// * Summary *

BenchmarkDotNet v0.15.8, Windows 11 (10.0.26200.7462/25H2/2025Update/HudsonValley2)
12th Gen Intel Core i5-12450H 2.00GHz, 1 CPU, 12 logical and 8 physical cores
  [Host]     : .NET Framework 4.8.1 (4.8.9221.0), X86 LegacyJIT
  DefaultJob : .NET Framework 4.8.1 (4.8.9221.0), X86 LegacyJIT


| Method     | n  | Mean               | Error            | StdDev           | Gen0     | Gen1     | Gen2     | Allocated |
|----------- |--- |-------------------:|-----------------:|-----------------:|---------:|---------:|---------:|----------:|
| Aproximace | 5  |           930.4 ns |         18.61 ns |         42.76 ns |   0.1421 |        - |        - |     745 B |
| HeldKarp   | 5  |         1,658.2 ns |         32.60 ns |         52.65 ns |   0.3166 |        - |        - |    1666 B |
| HrubaSila  | 5  |         1,053.4 ns |         20.35 ns |         27.86 ns |   0.0782 |        - |        - |     413 B |
| Aproximace | 7  |         1,290.5 ns |         25.00 ns |         34.22 ns |   0.1831 |        - |        - |     961 B |
| HeldKarp   | 7  |         7,564.9 ns |        149.15 ns |        257.28 ns |   1.4496 |   0.0305 |        - |    7645 B |
| HrubaSila  | 7  |        18,183.1 ns |        362.91 ns |        681.64 ns |   0.0916 |        - |        - |     509 B |
| Aproximace | 10 |         1,944.6 ns |         38.94 ns |         51.98 ns |   0.2594 |        - |        - |    1362 B |
| HeldKarp   | 10 |       190,643.2 ns |      3,740.25 ns |      3,840.96 ns |  15.6250 |   3.6621 |        - |   82644 B |
| HrubaSila  | 10 |    10,533,664.6 ns |    202,086.52 ns |    302,473.61 ns |        - |        - |        - |     640 B |
| Aproximace | 12 |         2,400.0 ns |         47.85 ns |         93.32 ns |   0.3014 |        - |        - |    1590 B |
| HeldKarp   | 12 |     1,301,818.0 ns |     17,057.67 ns |     15,121.18 ns | 123.0469 | 123.0469 | 123.0469 |  394288 B |
| HrubaSila  | 12 | 1,280,324,446.7 ns | 18,743,515.20 ns | 17,532,695.76 ns |        - |        - |        - |         - |

// * Hints *
Outliers
  MujBenchmark.Aproximace: Default -> 8 outliers were removed, 10 outliers were detected (681.66 ns, 854.09 ns, 1.03 μs..1.13 μs)
  MujBenchmark.HeldKarp: Default   -> 5 outliers were removed, 10 outliers were detected (1.43 μs..1.61 μs, 1.74 μs..1.88 μs)
  MujBenchmark.HrubaSila: Default  -> 2 outliers were removed, 6 outliers were detected (973.47 ns..1.03 μs, 1.10 μs, 1.10 μs)
  MujBenchmark.Aproximace: Default -> 2 outliers were removed, 4 outliers were detected (1.19 μs, 1.22 μs, 1.38 μs, 1.42 μs)
  MujBenchmark.HeldKarp: Default   -> 1 outlier  was  removed (8.83 μs)
  MujBenchmark.HrubaSila: Default  -> 4 outliers were removed, 6 outliers were detected (15.36 μs, 16.56 μs, 20.42 μs..22.18 μs)
  MujBenchmark.Aproximace: Default -> 3 outliers were removed, 9 outliers were detected (1.82 μs..1.92 μs, 2.10 μs..2.15 μs)
  MujBenchmark.HeldKarp: Default   -> 1 outlier  was  removed, 3 outliers were detected (178.78 μs, 185.80 μs, 200.27 μs)
  MujBenchmark.HrubaSila: Default  -> 3 outliers were removed, 5 outliers were detected (9.72 ms, 9.79 ms, 11.14 ms..12.64 ms)
  MujBenchmark.Aproximace: Default -> 1 outlier  was  removed, 2 outliers were detected (1.97 μs, 2.73 μs)
  MujBenchmark.HeldKarp: Default   -> 1 outlier  was  removed, 4 outliers were detected (1.26 ms..1.29 ms, 1.32 ms)
  MujBenchmark.HrubaSila: Default  -> 1 outlier  was  detected (1.24 s)

// * Legends *
  n         : Value of the 'n' parameter
  Mean      : Arithmetic mean of all measurements
  Error     : Half of 99.9% confidence interval
  StdDev    : Standard deviation of all measurements
  Gen0      : GC Generation 0 collects per 1000 operations
  Gen1      : GC Generation 1 collects per 1000 operations
  Gen2      : GC Generation 2 collects per 1000 operations
  Allocated : Allocated memory per single operation (managed only, inclusive, 1KB = 1024B)
  1 ns      : 1 Nanosecond (0.000000001 sec)

// * Diagnostic Output - MemoryDiagnoser *


// ***** BenchmarkRunner: End *****
Run time: 00:06:42 (402.36 sec), executed benchmarks: 12

Global total time: 00:06:47 (407.29 sec), executed benchmarks: 12
// * Artifacts cleanup *
Artifacts cleanup is finished
